iucn_sid,pop_trend,iucn_version
222,decreasing,2017-3
224,decreasing,2017-3
225,decreasing,2017-3
229,decreasing,2017-3
230,decreasing,2017-3
232,decreasing,2017-3
233,stable,2017-3
234,stable,2017-3
236,decreasing,2017-3
241,decreasing,2017-3
245,increasing,2017-3
697,unknown,2017-3
903,unknown,2017-3
904,stable,2017-3
907,decreasing,2017-3
1086,unknown,2017-3
1308,unknown,2017-3
1615,unknown,2017-3
1847,stable,2017-3
2055,increasing,2017-3
2057,decreasing,2017-3
2058,decreasing,2017-3
2059,increasing,2017-3
2060,increasing,2017-3
2061,increasing,2017-3
2062,stable,2017-3
2352,unknown,2017-3
2467,increasing,2017-3
2474,stable,2017-3
2475,unknown,2017-3
2477,increasing,2017-3
2478,unknown,2017-3
2539,decreasing,2017-3
2958,NA,2017-3
3381,stable,2017-3
3565,NA,2017-3
3590,decreasing,2017-3
3851,unknown,2017-3
3852,decreasing,2017-3
3853,decreasing,2017-3
3854,unknown,2017-3
3855,unknown,2017-3
3897,decreasing,2017-3
4159,unknown,2017-3
4160,decreasing,2017-3
4162,decreasing,2017-3
4292,decreasing,2017-3
4362,stable,2017-3
4364,stable,2017-3
4592,decreasing,2017-3
4615,decreasing,2017-3
4987,unknown,2017-3
5360,unknown,2017-3
5363,unknown,2017-3
5369,unknown,2017-3
5659,increasing,2017-3
5668,NA,2017-3
5675,unknown,2017-3
6204,unknown,2017-3
6229,unknown,2017-3
6335,unknown,2017-3
6336,unknown,2017-3
6494,decreasing,2017-3
6909,decreasing,2017-3
7011,NA,2017-3
7135,stable,2017-3
7750,decreasing,2017-3
7854,unknown,2017-3
7858,decreasing,2017-3
7859,decreasing,2017-3
7860,unknown,2017-3
7861,decreasing,2017-3
7862,decreasing,2017-3
8005,decreasing,2017-3
8010,unknown,2017-3
8097,stable,2017-3
8153,increasing,2017-3
8239,increasing,2017-3
8262,NA,2017-3
8407,unknown,2017-3
8408,unknown,2017-3
8784,NA,2017-3
8951,stable,2017-3
9266,stable,2017-3
9281,decreasing,2017-3
9461,unknown,2017-3
9660,increasing,2017-3
10030,unknown,2017-3
10057,unknown,2017-3
10063,unknown,2017-3
10066,decreasing,2017-3
10070,decreasing,2017-3
10072,decreasing,2017-3
10074,unknown,2017-3
10075,decreasing,2017-3
10082,decreasing,2017-3
10083,unknown,2017-3
10087,decreasing,2017-3
10088,decreasing,2017-3
10089,stable,2017-3
10097,NA,2017-3
10105,NA,2017-3
10269,decreasing,2017-3
10303,NA,2017-3
10340,unknown,2017-3
10708,unknown,2017-3
11030,unknown,2017-3
11130,decreasing,2017-3
11140,unknown,2017-3
11141,unknown,2017-3
11142,unknown,2017-3
11144,unknown,2017-3
11145,unknown,2017-3
11200,decreasing,2017-3
11206,unknown,2017-3
11375,unknown,2017-3
11533,NA,2017-3
11534,decreasing,2017-3
11696,unknown,2017-3
11987,decreasing,2017-3
12103,NA,2017-3
12125,unknown,2017-3
12137,decreasing,2017-3
12246,unknown,2017-3
12416,decreasing,2017-3
12417,decreasing,2017-3
12419,decreasing,2017-3
13006,increasing,2017-3
13045,NA,2017-3
13581,increasing,2017-3
13583,stable,2017-3
13653,increasing,2017-3
13654,decreasing,2017-3
13704,unknown,2017-3
14049,decreasing,2017-3
14050,decreasing,2017-3
14051,unknown,2017-3
14052,decreasing,2017-3
14053,decreasing,2017-3
14054,unknown,2017-3
14214,stable,2017-3
14264,decreasing,2017-3
14524,unknown,2017-3
14549,decreasing,2017-3
15106,unknown,2017-3
15239,unknown,2017-3
15269,unknown,2017-3
15319,NA,2017-3
15419,decreasing,2017-3
15873,unknown,2017-3
15939,NA,2017-3
16011,NA,2017-3
16012,unknown,2017-3
16474,unknown,2017-3
16564,unknown,2017-3
16781,stable,2017-3
17013,unknown,2017-3
17023,unknown,2017-3
17026,decreasing,2017-3
17027,unknown,2017-3
17028,decreasing,2017-3
17032,unknown,2017-3
17096,decreasing,2017-3
17177,decreasing,2017-3
17710,NA,2017-3
17978,decreasing,2017-3
18175,decreasing,2017-3
18376,unknown,2017-3
18510,NA,2017-3
18878,stable,2017-3
19301,NA,2017-3
19388,stable,2017-3
19488,decreasing,2017-3
19855,NA,2017-3
19861,unknown,2017-3
19877,unknown,2017-3
19899,unknown,2017-3
19950,decreasing,2017-3
20047,decreasing,2017-3
20084,NA,2017-3
20085,NA,2017-3
20317,unknown,2017-3
20425,decreasing,2017-3
20729,unknown,2017-3
20731,unknown,2017-3
20738,unknown,2017-3
20795,unknown,2017-3
21257,unknown,2017-3
21341,decreasing,2017-3
21342,unknown,2017-3
21343,decreasing,2017-3
21856,decreasing,2017-3
21857,decreasing,2017-3
21858,decreasing,2017-3
21859,decreasing,2017-3
21860,decreasing,2017-3
21994,unknown,2017-3
22003,decreasing,2017-3
22103,decreasing,2017-3
22135,NA,2017-3
22136,NA,2017-3
22137,NA,2017-3
22138,NA,2017-3
22140,NA,2017-3
22563,unknown,2017-3
23148,decreasing,2017-3
23211,unknown,2017-3
23259,stable,2017-3
29609,NA,2017-3
39302,NA,2017-3
39303,decreasing,2017-3
39304,NA,2017-3
39327,stable,2017-3
39328,decreasing,2017-3
39329,decreasing,2017-3
39330,decreasing,2017-3
39332,decreasing,2017-3
39334,stable,2017-3
39337,unknown,2017-3
39338,unknown,2017-3
39339,decreasing,2017-3
39341,decreasing,2017-3
39342,stable,2017-3
39345,unknown,2017-3
39346,unknown,2017-3
39348,unknown,2017-3
39349,unknown,2017-3
39350,unknown,2017-3
39351,increasing,2017-3
39352,decreasing,2017-3
39353,unknown,2017-3
39354,stable,2017-3
39355,stable,2017-3
39356,increasing,2017-3
39357,unknown,2017-3
39358,decreasing,2017-3
39359,unknown,2017-3
39362,unknown,2017-3
39365,unknown,2017-3
39367,unknown,2017-3
39368,unknown,2017-3
39369,unknown,2017-3
39370,decreasing,2017-3
39372,unknown,2017-3
39374,decreasing,2017-3
39375,decreasing,2017-3
39378,unknown,2017-3
39380,unknown,2017-3
39381,unknown,2017-3
39383,unknown,2017-3
39384,unknown,2017-3
39385,unknown,2017-3
39386,decreasing,2017-3
39387,stable,2017-3
39388,decreasing,2017-3
39389,decreasing,2017-3
39393,decreasing,2017-3
39394,decreasing,2017-3
39396,unknown,2017-3
39397,decreasing,2017-3
39399,decreasing,2017-3
39400,decreasing,2017-3
39412,unknown,2017-3
39413,decreasing,2017-3
39415,decreasing,2017-3
39416,unknown,2017-3
39418,decreasing,2017-3
39771,stable,2017-3
39773,unknown,2017-3
39774,decreasing,2017-3
40715,unknown,2017-3
40797,unknown,2017-3
40802,decreasing,2017-3
41005,decreasing,2017-3
41007,decreasing,2017-3
41008,decreasing,2017-3
41009,unknown,2017-3
41010,decreasing,2017-3
41064,decreasing,2017-3
41664,increasing,2017-3
41665,stable,2017-3
41666,increasing,2017-3
41668,decreasing,2017-3
41670,unknown,2017-3
41671,increasing,2017-3
41672,unknown,2017-3
41711,unknown,2017-3
41712,unknown,2017-3
41718,unknown,2017-3
41719,unknown,2017-3
41720,stable,2017-3
41722,unknown,2017-3
41723,unknown,2017-3
41724,unknown,2017-3
41725,unknown,2017-3
41726,unknown,2017-3
41727,unknown,2017-3
41728,unknown,2017-3
41729,unknown,2017-3
41730,unknown,2017-3
41732,unknown,2017-3
41734,decreasing,2017-3
41735,stable,2017-3
41736,unknown,2017-3
41737,unknown,2017-3
41738,unknown,2017-3
41739,stable,2017-3
41740,decreasing,2017-3
41741,unknown,2017-3
41743,stable,2017-3
41747,unknown,2017-3
41749,unknown,2017-3
41752,stable,2017-3
41753,stable,2017-3
41755,unknown,2017-3
41791,unknown,2017-3
41792,unknown,2017-3
41794,unknown,2017-3
41796,stable,2017-3
41797,decreasing,2017-3
41798,unknown,2017-3
41799,stable,2017-3
41800,stable,2017-3
41802,unknown,2017-3
41804,unknown,2017-3
41805,unknown,2017-3
41806,unknown,2017-3
41807,unknown,2017-3
41808,unknown,2017-3
41809,unknown,2017-3
41810,decreasing,2017-3
41811,unknown,2017-3
41814,unknown,2017-3
41816,decreasing,2017-3
41818,stable,2017-3
41820,unknown,2017-3
41823,unknown,2017-3
41824,unknown,2017-3
41825,unknown,2017-3
41826,stable,2017-3
41827,stable,2017-3
41828,unknown,2017-3
41829,unknown,2017-3
41830,unknown,2017-3
41831,unknown,2017-3
41832,unknown,2017-3
41833,unknown,2017-3
41835,decreasing,2017-3
41836,decreasing,2017-3
41837,unknown,2017-3
41838,unknown,2017-3
41839,unknown,2017-3
41841,unknown,2017-3
41842,unknown,2017-3
41844,unknown,2017-3
41846,stable,2017-3
41848,decreasing,2017-3
41849,decreasing,2017-3
41850,unknown,2017-3
41851,unknown,2017-3
41852,unknown,2017-3
41853,decreasing,2017-3
41858,unknown,2017-3
41862,stable,2017-3
41864,unknown,2017-3
41871,decreasing,2017-3
41872,decreasing,2017-3
41873,unknown,2017-3
41874,decreasing,2017-3
41876,decreasing,2017-3
41878,decreasing,2017-3
41880,decreasing,2017-3
42700,unknown,2017-3
42704,unknown,2017-3
42706,unknown,2017-3
42707,decreasing,2017-3
42712,decreasing,2017-3
42713,unknown,2017-3
42716,unknown,2017-3
42717,unknown,2017-3
42720,unknown,2017-3
42721,unknown,2017-3
42727,unknown,2017-3
42728,unknown,2017-3
42729,decreasing,2017-3
42730,unknown,2017-3
43974,decreasing,2017-3
44183,stable,2017-3
44186,unknown,2017-3
44217,unknown,2017-3
44222,unknown,2017-3
44223,unknown,2017-3
44463,decreasing,2017-3
44496,unknown,2017-3
44565,stable,2017-3
44566,unknown,2017-3
44575,decreasing,2017-3
44577,unknown,2017-3
44581,decreasing,2017-3
44582,unknown,2017-3
44583,unknown,2017-3
44586,unknown,2017-3
44591,unknown,2017-3
44598,unknown,2017-3
44599,unknown,2017-3
44602,unknown,2017-3
44606,stable,2017-3
44609,stable,2017-3
44611,unknown,2017-3
44618,unknown,2017-3
44619,unknown,2017-3
44620,unknown,2017-3
44642,decreasing,2017-3
44649,stable,2017-3
44650,stable,2017-3
44651,unknown,2017-3
44654,unknown,2017-3
44655,unknown,2017-3
44656,decreasing,2017-3
44657,unknown,2017-3
44668,unknown,2017-3
44669,unknown,2017-3
44670,unknown,2017-3
44673,unknown,2017-3
44674,decreasing,2017-3
44675,unknown,2017-3
44677,decreasing,2017-3
44681,decreasing,2017-3
44682,unknown,2017-3
44683,decreasing,2017-3
44684,decreasing,2017-3
44686,unknown,2017-3
44993,decreasing,2017-3
46863,NA,2017-3
46864,unknown,2017-3
46865,unknown,2017-3
60081,unknown,2017-3
60083,stable,2017-3
60085,stable,2017-3
60088,decreasing,2017-3
60090,unknown,2017-3
60091,unknown,2017-3
60092,stable,2017-3
60093,unknown,2017-3
60099,unknown,2017-3
60100,unknown,2017-3
60102,stable,2017-3
60103,unknown,2017-3
60104,decreasing,2017-3
60105,decreasing,2017-3
60106,unknown,2017-3
60108,stable,2017-3
60109,unknown,2017-3
60111,unknown,2017-3
60112,unknown,2017-3
60113,decreasing,2017-3
60117,decreasing,2017-3
60119,decreasing,2017-3
60120,decreasing,2017-3
60121,decreasing,2017-3
60128,unknown,2017-3
60129,unknown,2017-3
60130,unknown,2017-3
60138,stable,2017-3
60139,unknown,2017-3
60140,stable,2017-3
60143,unknown,2017-3
60145,unknown,2017-3
60146,unknown,2017-3
60147,unknown,2017-3
60148,unknown,2017-3
60150,unknown,2017-3
60153,unknown,2017-3
60155,unknown,2017-3
60156,unknown,2017-3
60158,unknown,2017-3
60159,unknown,2017-3
60160,unknown,2017-3
60162,decreasing,2017-3
60163,unknown,2017-3
60164,unknown,2017-3
60166,decreasing,2017-3
60168,unknown,2017-3
60171,decreasing,2017-3
60175,unknown,2017-3
60180,decreasing,2017-3
60185,unknown,2017-3
60191,increasing,2017-3
60192,stable,2017-3
60195,stable,2017-3
60197,unknown,2017-3
60198,unknown,2017-3
60199,decreasing,2017-3
60200,decreasing,2017-3
60202,decreasing,2017-3
60203,decreasing,2017-3
60204,unknown,2017-3
60210,unknown,2017-3
60212,unknown,2017-3
60213,unknown,2017-3
60214,unknown,2017-3
60217,decreasing,2017-3
60218,decreasing,2017-3
60219,decreasing,2017-3
60222,unknown,2017-3
60225,decreasing,2017-3
60228,unknown,2017-3
60231,unknown,2017-3
60233,increasing,2017-3
60236,unknown,2017-3
60239,unknown,2017-3
60243,unknown,2017-3
60244,unknown,2017-3
60245,unknown,2017-3
60246,unknown,2017-3
60344,decreasing,2017-3
61333,decreasing,2017-3
61337,unknown,2017-3
61338,decreasing,2017-3
61339,decreasing,2017-3
61340,decreasing,2017-3
61398,decreasing,2017-3
61403,unknown,2017-3
61404,unknown,2017-3
61405,decreasing,2017-3
61407,stable,2017-3
61408,decreasing,2017-3
61417,decreasing,2017-3
61418,decreasing,2017-3
61743,stable,2017-3
62223,unknown,2017-3
63100,decreasing,2017-3
63102,unknown,2017-3
63103,unknown,2017-3
63104,decreasing,2017-3
63106,decreasing,2017-3
63107,unknown,2017-3
63108,unknown,2017-3
63109,unknown,2017-3
63110,decreasing,2017-3
63111,unknown,2017-3
63113,decreasing,2017-3
63114,stable,2017-3
63116,decreasing,2017-3
63117,unknown,2017-3
63118,unknown,2017-3
63119,unknown,2017-3
63120,decreasing,2017-3
63122,unknown,2017-3
63123,unknown,2017-3
63126,unknown,2017-3
63127,unknown,2017-3
63128,decreasing,2017-3
63129,decreasing,2017-3
63131,decreasing,2017-3
63132,decreasing,2017-3
63141,unknown,2017-3
63144,unknown,2017-3
63145,unknown,2017-3
63146,stable,2017-3
63152,unknown,2017-3
63153,decreasing,2017-3
63154,decreasing,2017-3
63155,unknown,2017-3
63156,unknown,2017-3
63165,stable,2017-3
63570,unknown,2017-3
63571,decreasing,2017-3
64396,decreasing,2017-3
64400,decreasing,2017-3
64407,unknown,2017-3
64410,decreasing,2017-3
64411,decreasing,2017-3
64412,decreasing,2017-3
132722,decreasing,2017-3
132723,decreasing,2017-3
132726,unknown,2017-3
132727,stable,2017-3
132729,stable,2017-3
132730,unknown,2017-3
132732,decreasing,2017-3
132733,stable,2017-3
132736,decreasing,2017-3
132737,unknown,2017-3
132738,stable,2017-3
132741,decreasing,2017-3
132742,unknown,2017-3
132743,unknown,2017-3
132745,decreasing,2017-3
132747,unknown,2017-3
132748,unknown,2017-3
132749,unknown,2017-3
132751,unknown,2017-3
132753,decreasing,2017-3
132754,unknown,2017-3
132755,unknown,2017-3
132756,unknown,2017-3
132757,stable,2017-3
132759,decreasing,2017-3
132761,stable,2017-3
132764,unknown,2017-3
132766,unknown,2017-3
132767,unknown,2017-3
132771,unknown,2017-3
132773,unknown,2017-3
132774,unknown,2017-3
132775,decreasing,2017-3
132776,decreasing,2017-3
132777,decreasing,2017-3
132778,stable,2017-3
132779,unknown,2017-3
132781,stable,2017-3
132783,unknown,2017-3
132787,unknown,2017-3
132788,stable,2017-3
132789,unknown,2017-3
132790,unknown,2017-3
132795,unknown,2017-3
132799,decreasing,2017-3
132802,unknown,2017-3
132803,unknown,2017-3
132804,unknown,2017-3
132805,unknown,2017-3
132806,decreasing,2017-3
132807,unknown,2017-3
132808,unknown,2017-3
132810,decreasing,2017-3
132811,unknown,2017-3
132815,unknown,2017-3
132817,decreasing,2017-3
132818,decreasing,2017-3
132819,decreasing,2017-3
132822,stable,2017-3
132823,stable,2017-3
132825,unknown,2017-3
132826,decreasing,2017-3
132827,stable,2017-3
132829,unknown,2017-3
132830,stable,2017-3
132859,unknown,2017-3
132860,unknown,2017-3
132866,decreasing,2017-3
132869,decreasing,2017-3
132871,unknown,2017-3
132872,decreasing,2017-3
132874,unknown,2017-3
132876,unknown,2017-3
132877,unknown,2017-3
132878,decreasing,2017-3
132879,unknown,2017-3
132880,unknown,2017-3
132881,unknown,2017-3
132883,decreasing,2017-3
132884,stable,2017-3
132885,unknown,2017-3
132887,unknown,2017-3
132888,decreasing,2017-3
132889,unknown,2017-3
132890,unknown,2017-3
132893,decreasing,2017-3
132894,decreasing,2017-3
132895,unknown,2017-3
132899,decreasing,2017-3
132900,unknown,2017-3
132901,unknown,2017-3
132903,unknown,2017-3
132904,unknown,2017-3
132905,unknown,2017-3
132907,unknown,2017-3
132909,decreasing,2017-3
132910,decreasing,2017-3
132911,unknown,2017-3
132913,decreasing,2017-3
132916,unknown,2017-3
132917,unknown,2017-3
132922,decreasing,2017-3
132923,unknown,2017-3
132924,unknown,2017-3
132925,unknown,2017-3
132927,unknown,2017-3
132928,unknown,2017-3
132929,unknown,2017-3
132931,decreasing,2017-3
132933,decreasing,2017-3
132935,decreasing,2017-3
132936,decreasing,2017-3
132937,unknown,2017-3
132940,decreasing,2017-3
132942,decreasing,2017-3
132944,decreasing,2017-3
132947,unknown,2017-3
132948,decreasing,2017-3
132953,unknown,2017-3
132956,unknown,2017-3
132957,unknown,2017-3
132958,unknown,2017-3
132960,unknown,2017-3
132962,unknown,2017-3
132963,stable,2017-3
132967,unknown,2017-3
132968,unknown,2017-3
132969,decreasing,2017-3
132970,decreasing,2017-3
132972,decreasing,2017-3
132974,unknown,2017-3
132975,unknown,2017-3
132976,decreasing,2017-3
132978,decreasing,2017-3
132979,decreasing,2017-3
132980,decreasing,2017-3
132981,decreasing,2017-3
132983,decreasing,2017-3
132984,decreasing,2017-3
132985,unknown,2017-3
132986,unknown,2017-3
132987,decreasing,2017-3
132988,decreasing,2017-3
132990,decreasing,2017-3
132991,unknown,2017-3
132992,decreasing,2017-3
132993,unknown,2017-3
132995,unknown,2017-3
132996,unknown,2017-3
132997,decreasing,2017-3
132998,decreasing,2017-3
133001,unknown,2017-3
133002,stable,2017-3
133003,decreasing,2017-3
133006,stable,2017-3
133008,unknown,2017-3
133009,decreasing,2017-3
133010,decreasing,2017-3
133011,unknown,2017-3
133012,decreasing,2017-3
133013,decreasing,2017-3
133015,decreasing,2017-3
133016,unknown,2017-3
133019,unknown,2017-3
133020,decreasing,2017-3
133021,decreasing,2017-3
133023,unknown,2017-3
133024,unknown,2017-3
133025,decreasing,2017-3
133026,unknown,2017-3
133027,stable,2017-3
133028,unknown,2017-3
133029,decreasing,2017-3
133031,decreasing,2017-3
133032,unknown,2017-3
133033,decreasing,2017-3
133034,unknown,2017-3
133038,unknown,2017-3
133039,unknown,2017-3
133041,unknown,2017-3
133042,stable,2017-3
133043,unknown,2017-3
133044,unknown,2017-3
133045,unknown,2017-3
133046,decreasing,2017-3
133047,stable,2017-3
133048,decreasing,2017-3
133049,unknown,2017-3
133053,unknown,2017-3
133054,unknown,2017-3
133055,decreasing,2017-3
133056,decreasing,2017-3
133057,unknown,2017-3
133058,unknown,2017-3
133059,decreasing,2017-3
133060,decreasing,2017-3
133062,unknown,2017-3
133063,unknown,2017-3
133065,unknown,2017-3
133066,decreasing,2017-3
133067,decreasing,2017-3
133068,decreasing,2017-3
133069,decreasing,2017-3
133070,decreasing,2017-3
133071,decreasing,2017-3
133074,decreasing,2017-3
133075,unknown,2017-3
133076,unknown,2017-3
133077,unknown,2017-3
133078,decreasing,2017-3
133079,decreasing,2017-3
133080,decreasing,2017-3
133081,decreasing,2017-3
133082,unknown,2017-3
133083,unknown,2017-3
133084,decreasing,2017-3
133085,stable,2017-3
133087,decreasing,2017-3
133088,decreasing,2017-3
133089,unknown,2017-3
133090,decreasing,2017-3
133091,unknown,2017-3
133094,stable,2017-3
133095,unknown,2017-3
133097,unknown,2017-3
133098,unknown,2017-3
133099,unknown,2017-3
133101,decreasing,2017-3
133102,decreasing,2017-3
133105,unknown,2017-3
133106,unknown,2017-3
133109,unknown,2017-3
133110,unknown,2017-3
133111,decreasing,2017-3
133112,decreasing,2017-3
133113,decreasing,2017-3
133114,unknown,2017-3
133115,decreasing,2017-3
133116,unknown,2017-3
133117,decreasing,2017-3
133120,decreasing,2017-3
133121,stable,2017-3
133124,stable,2017-3
133126,unknown,2017-3
133127,unknown,2017-3
133129,decreasing,2017-3
133131,decreasing,2017-3
133132,decreasing,2017-3
133133,decreasing,2017-3
133134,decreasing,2017-3
133135,stable,2017-3
133136,decreasing,2017-3
133137,decreasing,2017-3
133139,decreasing,2017-3
133140,stable,2017-3
133142,decreasing,2017-3
133144,stable,2017-3
133146,unknown,2017-3
133147,unknown,2017-3
133148,unknown,2017-3
133151,decreasing,2017-3
133152,unknown,2017-3
133155,stable,2017-3
133156,unknown,2017-3
133157,unknown,2017-3
133158,unknown,2017-3
133160,decreasing,2017-3
133161,decreasing,2017-3
133163,unknown,2017-3
133164,decreasing,2017-3
133165,unknown,2017-3
133166,unknown,2017-3
133167,decreasing,2017-3
133168,increasing,2017-3
133169,unknown,2017-3
133171,unknown,2017-3
133172,unknown,2017-3
133173,unknown,2017-3
133174,decreasing,2017-3
133175,decreasing,2017-3
133176,stable,2017-3
133177,unknown,2017-3
133178,decreasing,2017-3
133179,unknown,2017-3
133180,unknown,2017-3
133182,decreasing,2017-3
133183,unknown,2017-3
133185,decreasing,2017-3
133186,decreasing,2017-3
133188,decreasing,2017-3
133192,unknown,2017-3
133193,decreasing,2017-3
133194,decreasing,2017-3
133196,decreasing,2017-3
133197,unknown,2017-3
133198,unknown,2017-3
133200,decreasing,2017-3
133201,unknown,2017-3
133203,decreasing,2017-3
133206,decreasing,2017-3
133207,decreasing,2017-3
133208,unknown,2017-3
133209,decreasing,2017-3
133210,decreasing,2017-3
133212,stable,2017-3
133213,unknown,2017-3
133215,unknown,2017-3
133216,unknown,2017-3
133218,unknown,2017-3
133219,unknown,2017-3
133220,decreasing,2017-3
133222,unknown,2017-3
133223,decreasing,2017-3
133224,stable,2017-3
133225,unknown,2017-3
133226,unknown,2017-3
133227,decreasing,2017-3
133229,decreasing,2017-3
133231,decreasing,2017-3
133233,decreasing,2017-3
133235,unknown,2017-3
133236,unknown,2017-3
133237,stable,2017-3
133238,decreasing,2017-3
133239,decreasing,2017-3
133240,unknown,2017-3
133242,unknown,2017-3
133243,decreasing,2017-3
133244,decreasing,2017-3
133245,decreasing,2017-3
133246,unknown,2017-3
133247,decreasing,2017-3
133248,decreasing,2017-3
133250,decreasing,2017-3
133251,unknown,2017-3
133252,decreasing,2017-3
133253,unknown,2017-3
133255,stable,2017-3
133256,unknown,2017-3
133257,stable,2017-3
133258,unknown,2017-3
133259,decreasing,2017-3
133261,unknown,2017-3
133262,unknown,2017-3
133263,decreasing,2017-3
133266,decreasing,2017-3
133267,decreasing,2017-3
133269,unknown,2017-3
133271,decreasing,2017-3
133272,unknown,2017-3
133277,unknown,2017-3
133278,decreasing,2017-3
133281,stable,2017-3
133283,decreasing,2017-3
133284,decreasing,2017-3
133288,unknown,2017-3
133289,unknown,2017-3
133290,decreasing,2017-3
133291,decreasing,2017-3
133292,decreasing,2017-3
133293,decreasing,2017-3
133298,decreasing,2017-3
133302,decreasing,2017-3
133303,decreasing,2017-3
133304,unknown,2017-3
133306,decreasing,2017-3
133307,decreasing,2017-3
133308,unknown,2017-3
133309,unknown,2017-3
133310,decreasing,2017-3
133313,decreasing,2017-3
133314,decreasing,2017-3
133315,decreasing,2017-3
133316,unknown,2017-3
133317,unknown,2017-3
133319,decreasing,2017-3
133320,decreasing,2017-3
133322,decreasing,2017-3
133323,unknown,2017-3
133324,decreasing,2017-3
133325,decreasing,2017-3
133326,unknown,2017-3
133327,decreasing,2017-3
133329,unknown,2017-3
133330,unknown,2017-3
133332,unknown,2017-3
133333,decreasing,2017-3
133337,unknown,2017-3
133338,decreasing,2017-3
133340,unknown,2017-3
133341,decreasing,2017-3
133343,decreasing,2017-3
133345,decreasing,2017-3
133348,decreasing,2017-3
133349,unknown,2017-3
133351,unknown,2017-3
133353,unknown,2017-3
133354,unknown,2017-3
133356,unknown,2017-3
133357,unknown,2017-3
133359,decreasing,2017-3
133360,unknown,2017-3
133365,decreasing,2017-3
133366,unknown,2017-3
133367,decreasing,2017-3
133371,stable,2017-3
133372,unknown,2017-3
133374,decreasing,2017-3
133375,decreasing,2017-3
133376,unknown,2017-3
133377,stable,2017-3
133378,unknown,2017-3
133380,unknown,2017-3
133381,stable,2017-3
133382,unknown,2017-3
133384,unknown,2017-3
133386,unknown,2017-3
133387,decreasing,2017-3
133389,stable,2017-3
133390,unknown,2017-3
133392,decreasing,2017-3
133395,stable,2017-3
133396,decreasing,2017-3
133398,unknown,2017-3
133400,stable,2017-3
133401,decreasing,2017-3
133402,decreasing,2017-3
133403,unknown,2017-3
133404,decreasing,2017-3
133405,decreasing,2017-3
133406,unknown,2017-3
133407,unknown,2017-3
133408,unknown,2017-3
133409,decreasing,2017-3
133410,unknown,2017-3
133411,unknown,2017-3
133412,decreasing,2017-3
133413,unknown,2017-3
133414,decreasing,2017-3
133415,decreasing,2017-3
133416,decreasing,2017-3
133417,decreasing,2017-3
133418,unknown,2017-3
133419,unknown,2017-3
133420,decreasing,2017-3
133422,decreasing,2017-3
133423,unknown,2017-3
133424,decreasing,2017-3
133426,decreasing,2017-3
133427,decreasing,2017-3
133428,unknown,2017-3
133429,decreasing,2017-3
133431,unknown,2017-3
133432,decreasing,2017-3
133433,decreasing,2017-3
133435,unknown,2017-3
133437,unknown,2017-3
133438,decreasing,2017-3
133439,unknown,2017-3
133440,decreasing,2017-3
133442,unknown,2017-3
133443,decreasing,2017-3
133446,unknown,2017-3
133448,unknown,2017-3
133450,decreasing,2017-3
133451,decreasing,2017-3
133452,decreasing,2017-3
133453,unknown,2017-3
133456,unknown,2017-3
133457,stable,2017-3
133458,unknown,2017-3
133459,unknown,2017-3
133460,decreasing,2017-3
133463,decreasing,2017-3
133468,decreasing,2017-3
133469,decreasing,2017-3
133470,unknown,2017-3
133471,decreasing,2017-3
133472,decreasing,2017-3
133473,unknown,2017-3
133474,unknown,2017-3
133478,unknown,2017-3
133479,decreasing,2017-3
133481,decreasing,2017-3
133482,unknown,2017-3
133484,decreasing,2017-3
133485,decreasing,2017-3
133486,unknown,2017-3
133488,unknown,2017-3
133490,unknown,2017-3
133493,decreasing,2017-3
133495,unknown,2017-3
133496,unknown,2017-3
133497,decreasing,2017-3
133498,unknown,2017-3
133500,decreasing,2017-3
133502,unknown,2017-3
133503,unknown,2017-3
133504,stable,2017-3
133509,unknown,2017-3
133510,decreasing,2017-3
133511,increasing,2017-3
133513,decreasing,2017-3
133515,decreasing,2017-3
133516,decreasing,2017-3
133521,stable,2017-3
133522,stable,2017-3
133523,unknown,2017-3
133525,decreasing,2017-3
133526,unknown,2017-3
133528,unknown,2017-3
133529,unknown,2017-3
133530,unknown,2017-3
133531,decreasing,2017-3
133532,decreasing,2017-3
133534,unknown,2017-3
133535,stable,2017-3
133536,stable,2017-3
133538,unknown,2017-3
133539,unknown,2017-3
133543,unknown,2017-3
133545,unknown,2017-3
133547,decreasing,2017-3
133548,unknown,2017-3
133550,decreasing,2017-3
133551,unknown,2017-3
133556,decreasing,2017-3
133557,unknown,2017-3
133558,unknown,2017-3
133559,unknown,2017-3
133560,decreasing,2017-3
133563,decreasing,2017-3
133564,stable,2017-3
133565,unknown,2017-3
133566,unknown,2017-3
133569,decreasing,2017-3
133570,unknown,2017-3
133571,decreasing,2017-3
133573,unknown,2017-3
133575,unknown,2017-3
133576,decreasing,2017-3
133581,unknown,2017-3
133582,unknown,2017-3
133584,stable,2017-3
133585,unknown,2017-3
133587,unknown,2017-3
133588,stable,2017-3
133589,unknown,2017-3
133590,unknown,2017-3
133591,stable,2017-3
133593,decreasing,2017-3
133594,stable,2017-3
133595,unknown,2017-3
133597,unknown,2017-3
133599,decreasing,2017-3
133601,decreasing,2017-3
133604,decreasing,2017-3
133606,unknown,2017-3
133607,unknown,2017-3
133609,unknown,2017-3
133613,unknown,2017-3
133614,unknown,2017-3
133616,decreasing,2017-3
133617,decreasing,2017-3
133619,unknown,2017-3
133620,decreasing,2017-3
133621,decreasing,2017-3
133622,decreasing,2017-3
133623,decreasing,2017-3
133624,unknown,2017-3
133627,decreasing,2017-3
133631,decreasing,2017-3
133633,unknown,2017-3
133634,decreasing,2017-3
133635,decreasing,2017-3
133636,unknown,2017-3
133637,unknown,2017-3
133638,decreasing,2017-3
133639,decreasing,2017-3
133640,unknown,2017-3
133641,unknown,2017-3
133642,unknown,2017-3
133644,decreasing,2017-3
133645,unknown,2017-3
133646,decreasing,2017-3
133647,decreasing,2017-3
133648,decreasing,2017-3
133649,decreasing,2017-3
133650,decreasing,2017-3
133651,decreasing,2017-3
133652,decreasing,2017-3
133654,decreasing,2017-3
133657,stable,2017-3
133659,unknown,2017-3
133660,decreasing,2017-3
133661,decreasing,2017-3
133662,unknown,2017-3
133663,stable,2017-3
133665,decreasing,2017-3
133666,decreasing,2017-3
133668,unknown,2017-3
133670,unknown,2017-3
133673,unknown,2017-3
133674,decreasing,2017-3
133675,unknown,2017-3
133676,unknown,2017-3
133679,unknown,2017-3
133680,increasing,2017-3
133682,decreasing,2017-3
133685,unknown,2017-3
133686,unknown,2017-3
133688,decreasing,2017-3
133690,decreasing,2017-3
133693,unknown,2017-3
133695,decreasing,2017-3
133696,decreasing,2017-3
133697,unknown,2017-3
133698,decreasing,2017-3
133700,decreasing,2017-3
133702,unknown,2017-3
135301,stable,2017-3
135301,stable,2017-3
135491,unknown,2017-3
135525,unknown,2017-3
135567,stable,2017-3
135574,unknown,2017-3
135579,unknown,2017-3
135606,unknown,2017-3
135660,unknown,2017-3
135672,decreasing,2017-3
135681,unknown,2017-3
135689,unknown,2017-3
135690,increasing,2017-3
135714,unknown,2017-3
135717,decreasing,2017-3
135719,unknown,2017-3
136315,decreasing,2017-3
154613,stable,2017-3
154615,unknown,2017-3
154616,unknown,2017-3
154618,unknown,2017-3
154619,unknown,2017-3
154620,unknown,2017-3
154623,stable,2017-3
154624,unknown,2017-3
154626,unknown,2017-3
154628,unknown,2017-3
154630,unknown,2017-3
154631,unknown,2017-3
154632,stable,2017-3
154634,unknown,2017-3
154635,unknown,2017-3
154638,unknown,2017-3
154641,unknown,2017-3
154643,stable,2017-3
154644,unknown,2017-3
154647,unknown,2017-3
154649,decreasing,2017-3
154653,unknown,2017-3
154655,unknown,2017-3
154657,unknown,2017-3
154658,unknown,2017-3
154660,stable,2017-3
154663,unknown,2017-3
154665,unknown,2017-3
154667,unknown,2017-3
154669,unknown,2017-3
154670,unknown,2017-3
154673,unknown,2017-3
154674,unknown,2017-3
154676,stable,2017-3
154677,stable,2017-3
154678,unknown,2017-3
154680,unknown,2017-3
154682,unknown,2017-3
154683,stable,2017-3
154684,unknown,2017-3
154686,unknown,2017-3
154687,unknown,2017-3
154691,unknown,2017-3
154692,unknown,2017-3
154693,unknown,2017-3
154694,unknown,2017-3
154695,unknown,2017-3
154696,unknown,2017-3
154697,unknown,2017-3
154698,unknown,2017-3
154701,unknown,2017-3
154705,decreasing,2017-3
154706,unknown,2017-3
154707,stable,2017-3
154709,unknown,2017-3
154711,unknown,2017-3
154712,stable,2017-3
154713,unknown,2017-3
154715,unknown,2017-3
154718,unknown,2017-3
154721,unknown,2017-3
154722,unknown,2017-3
154726,unknown,2017-3
154728,unknown,2017-3
154729,unknown,2017-3
154730,unknown,2017-3
154731,stable,2017-3
154732,decreasing,2017-3
154734,decreasing,2017-3
154736,unknown,2017-3
154740,unknown,2017-3
154741,stable,2017-3
154742,decreasing,2017-3
154743,unknown,2017-3
154744,unknown,2017-3
154745,unknown,2017-3
154747,unknown,2017-3
154748,unknown,2017-3
154749,unknown,2017-3
154750,unknown,2017-3
154753,unknown,2017-3
154754,unknown,2017-3
154755,decreasing,2017-3
154760,stable,2017-3
154765,unknown,2017-3
154766,unknown,2017-3
154767,unknown,2017-3
154770,unknown,2017-3
154771,unknown,2017-3
154774,unknown,2017-3
154775,stable,2017-3
154779,unknown,2017-3
154780,unknown,2017-3
154781,unknown,2017-3
154785,stable,2017-3
154788,stable,2017-3
154789,unknown,2017-3
154790,unknown,2017-3
154792,unknown,2017-3
154793,decreasing,2017-3
154794,unknown,2017-3
154797,unknown,2017-3
154798,unknown,2017-3
154799,unknown,2017-3
154801,unknown,2017-3
154802,decreasing,2017-3
154803,unknown,2017-3
154806,unknown,2017-3
154807,unknown,2017-3
154808,unknown,2017-3
154809,unknown,2017-3
154812,stable,2017-3
154813,unknown,2017-3
154814,unknown,2017-3
154815,unknown,2017-3
154816,unknown,2017-3
154817,unknown,2017-3
154818,unknown,2017-3
154820,unknown,2017-3
154822,stable,2017-3
154823,unknown,2017-3
154825,unknown,2017-3
154827,unknown,2017-3
154828,unknown,2017-3
154829,stable,2017-3
154830,unknown,2017-3
154831,stable,2017-3
154833,stable,2017-3
154834,stable,2017-3
154836,unknown,2017-3
154841,unknown,2017-3
154842,unknown,2017-3
154844,stable,2017-3
154845,stable,2017-3
154846,unknown,2017-3
154847,unknown,2017-3
154848,unknown,2017-3
154849,stable,2017-3
154850,unknown,2017-3
154851,unknown,2017-3
154853,decreasing,2017-3
154855,unknown,2017-3
154856,unknown,2017-3
154859,stable,2017-3
154860,unknown,2017-3
154861,unknown,2017-3
154863,unknown,2017-3
154865,unknown,2017-3
154866,unknown,2017-3
154870,decreasing,2017-3
154872,stable,2017-3
154874,unknown,2017-3
154875,unknown,2017-3
154878,stable,2017-3
154880,unknown,2017-3
154882,unknown,2017-3
154883,decreasing,2017-3
154888,unknown,2017-3
154890,unknown,2017-3
154891,unknown,2017-3
154894,unknown,2017-3
154895,unknown,2017-3
154898,unknown,2017-3
154900,decreasing,2017-3
154901,unknown,2017-3
154904,unknown,2017-3
154906,unknown,2017-3
154907,unknown,2017-3
154909,unknown,2017-3
154910,unknown,2017-3
154912,unknown,2017-3
154913,unknown,2017-3
154914,decreasing,2017-3
154915,stable,2017-3
154916,unknown,2017-3
154917,unknown,2017-3
154918,unknown,2017-3
154919,stable,2017-3
154920,stable,2017-3
154922,unknown,2017-3
154924,unknown,2017-3
154927,stable,2017-3
154928,unknown,2017-3
154929,unknown,2017-3
154930,unknown,2017-3
154931,unknown,2017-3
154932,unknown,2017-3
154933,unknown,2017-3
154935,unknown,2017-3
154936,unknown,2017-3
154937,decreasing,2017-3
154938,unknown,2017-3
154939,unknown,2017-3
154940,unknown,2017-3
154942,unknown,2017-3
154943,stable,2017-3
154944,stable,2017-3
154945,unknown,2017-3
154946,unknown,2017-3
154947,stable,2017-3
154948,unknown,2017-3
154951,unknown,2017-3
154952,unknown,2017-3
154953,unknown,2017-3
154954,stable,2017-3
154956,stable,2017-3
154958,stable,2017-3
154959,unknown,2017-3
154960,unknown,2017-3
154962,unknown,2017-3
154964,unknown,2017-3
154967,unknown,2017-3
154968,unknown,2017-3
154969,unknown,2017-3
154970,unknown,2017-3
154971,stable,2017-3
154972,stable,2017-3
154973,unknown,2017-3
154974,unknown,2017-3
154975,unknown,2017-3
154976,stable,2017-3
154977,stable,2017-3
154978,unknown,2017-3
154980,unknown,2017-3
154982,unknown,2017-3
154983,decreasing,2017-3
154984,stable,2017-3
154988,unknown,2017-3
154989,decreasing,2017-3
154992,unknown,2017-3
154993,unknown,2017-3
154995,unknown,2017-3
154996,unknown,2017-3
154997,unknown,2017-3
154998,stable,2017-3
154999,unknown,2017-3
155000,unknown,2017-3
155001,unknown,2017-3
155002,unknown,2017-3
155003,unknown,2017-3
155006,unknown,2017-3
155008,unknown,2017-3
155009,unknown,2017-3
155010,unknown,2017-3
155012,unknown,2017-3
155013,unknown,2017-3
155014,unknown,2017-3
155015,unknown,2017-3
155016,unknown,2017-3
155017,unknown,2017-3
155018,decreasing,2017-3
155020,unknown,2017-3
155021,unknown,2017-3
155022,stable,2017-3
155023,unknown,2017-3
155024,unknown,2017-3
155025,unknown,2017-3
155026,unknown,2017-3
155029,unknown,2017-3
155030,unknown,2017-3
155032,unknown,2017-3
155034,unknown,2017-3
155036,unknown,2017-3
155039,unknown,2017-3
155040,unknown,2017-3
155042,stable,2017-3
155043,decreasing,2017-3
155044,unknown,2017-3
155046,unknown,2017-3
155047,unknown,2017-3
155049,unknown,2017-3
155050,unknown,2017-3
155051,unknown,2017-3
155052,unknown,2017-3
155055,unknown,2017-3
155056,unknown,2017-3
155057,stable,2017-3
155058,unknown,2017-3
155059,unknown,2017-3
155064,stable,2017-3
155068,stable,2017-3
155071,unknown,2017-3
155072,unknown,2017-3
155073,unknown,2017-3
155074,unknown,2017-3
155075,unknown,2017-3
155076,stable,2017-3
155077,unknown,2017-3
155078,unknown,2017-3
155079,unknown,2017-3
155081,unknown,2017-3
155083,stable,2017-3
155084,unknown,2017-3
155087,stable,2017-3
155088,unknown,2017-3
155089,decreasing,2017-3
155090,unknown,2017-3
155091,unknown,2017-3
155093,unknown,2017-3
155094,unknown,2017-3
155096,stable,2017-3
155097,unknown,2017-3
155099,stable,2017-3
155102,unknown,2017-3
155104,unknown,2017-3
155106,unknown,2017-3
155107,unknown,2017-3
155108,stable,2017-3
155111,unknown,2017-3
155112,unknown,2017-3
155114,unknown,2017-3
155115,unknown,2017-3
155116,unknown,2017-3
155117,unknown,2017-3
155118,unknown,2017-3
155119,unknown,2017-3
155120,decreasing,2017-3
155123,increasing,2017-3
155124,unknown,2017-3
155126,unknown,2017-3
155128,unknown,2017-3
155130,decreasing,2017-3
155131,unknown,2017-3
155132,unknown,2017-3
155133,unknown,2017-3
155134,unknown,2017-3
155135,unknown,2017-3
155138,unknown,2017-3
155141,unknown,2017-3
155142,unknown,2017-3
155144,stable,2017-3
155146,unknown,2017-3
155148,unknown,2017-3
155151,unknown,2017-3
155153,unknown,2017-3
155156,stable,2017-3
155159,stable,2017-3
155160,unknown,2017-3
155161,unknown,2017-3
155163,unknown,2017-3
155164,decreasing,2017-3
155165,decreasing,2017-3
155166,unknown,2017-3
155167,unknown,2017-3
155172,unknown,2017-3
155174,stable,2017-3
155176,unknown,2017-3
155177,unknown,2017-3
155179,unknown,2017-3
155180,unknown,2017-3
155181,unknown,2017-3
155182,unknown,2017-3
155183,stable,2017-3
155184,unknown,2017-3
155186,unknown,2017-3
155189,unknown,2017-3
155190,unknown,2017-3
155192,unknown,2017-3
155193,stable,2017-3
155194,unknown,2017-3
155195,unknown,2017-3
155199,unknown,2017-3
155200,unknown,2017-3
155201,stable,2017-3
155203,unknown,2017-3
155204,unknown,2017-3
155205,stable,2017-3
155208,unknown,2017-3
155211,unknown,2017-3
155212,decreasing,2017-3
155214,stable,2017-3
155215,unknown,2017-3
155216,unknown,2017-3
155219,unknown,2017-3
155220,stable,2017-3
155221,unknown,2017-3
155222,unknown,2017-3
155223,unknown,2017-3
155224,unknown,2017-3
155225,unknown,2017-3
155226,unknown,2017-3
155227,unknown,2017-3
155229,unknown,2017-3
155231,unknown,2017-3
155232,unknown,2017-3
155235,unknown,2017-3
155238,unknown,2017-3
155239,unknown,2017-3
155240,unknown,2017-3
155241,unknown,2017-3
155243,unknown,2017-3
155244,unknown,2017-3
155245,stable,2017-3
155246,stable,2017-3
155250,unknown,2017-3
155252,unknown,2017-3
155253,unknown,2017-3
155254,unknown,2017-3
155255,unknown,2017-3
155257,unknown,2017-3
155259,unknown,2017-3
155260,unknown,2017-3
155261,decreasing,2017-3
155263,stable,2017-3
155264,unknown,2017-3
155265,unknown,2017-3
155266,unknown,2017-3
155268,unknown,2017-3
155272,unknown,2017-3
155273,unknown,2017-3
155274,stable,2017-3
155276,stable,2017-3
155277,unknown,2017-3
155278,unknown,2017-3
155281,unknown,2017-3
155282,stable,2017-3
155285,unknown,2017-3
155289,unknown,2017-3
155290,unknown,2017-3
155291,stable,2017-3
155293,unknown,2017-3
155294,unknown,2017-3
155295,unknown,2017-3
155296,unknown,2017-3
155300,unknown,2017-3
155301,unknown,2017-3
155302,stable,2017-3
155304,unknown,2017-3
155308,stable,2017-3
155309,unknown,2017-3
155310,stable,2017-3
155311,unknown,2017-3
155313,unknown,2017-3
155314,unknown,2017-3
155320,unknown,2017-3
155321,unknown,2017-3
155322,unknown,2017-3
155325,unknown,2017-3
155326,unknown,2017-3
155327,stable,2017-3
155328,unknown,2017-3
155329,unknown,2017-3
155330,unknown,2017-3
158617,stable,2017-3
158625,unknown,2017-3
158626,stable,2017-3
158627,unknown,2017-3
158628,unknown,2017-3
158632,stable,2017-3
161317,unknown,2017-3
161319,stable,2017-3
161320,decreasing,2017-3
161325,unknown,2017-3
161329,unknown,2017-3
161334,unknown,2017-3
161336,unknown,2017-3
161337,unknown,2017-3
161339,decreasing,2017-3
161342,unknown,2017-3
161345,unknown,2017-3
161346,unknown,2017-3
161349,unknown,2017-3
161350,unknown,2017-3
161358,unknown,2017-3
161360,unknown,2017-3
161364,unknown,2017-3
161366,unknown,2017-3
161370,stable,2017-3
161371,unknown,2017-3
161372,unknown,2017-3
161373,unknown,2017-3
161375,stable,2017-3
161376,unknown,2017-3
161377,unknown,2017-3
161378,decreasing,2017-3
161379,unknown,2017-3
161381,unknown,2017-3
161383,unknown,2017-3
161386,unknown,2017-3
161388,unknown,2017-3
161391,unknown,2017-3
161395,unknown,2017-3
161398,stable,2017-3
161399,stable,2017-3
161404,decreasing,2017-3
161408,decreasing,2017-3
161409,decreasing,2017-3
161418,decreasing,2017-3
161419,unknown,2017-3
161423,unknown,2017-3
161425,decreasing,2017-3
161426,decreasing,2017-3
161428,unknown,2017-3
161430,stable,2017-3
161431,decreasing,2017-3
161442,unknown,2017-3
161443,unknown,2017-3
161444,unknown,2017-3
161449,unknown,2017-3
161452,unknown,2017-3
161454,unknown,2017-3
161461,decreasing,2017-3
161462,unknown,2017-3
161463,unknown,2017-3
161464,decreasing,2017-3
161465,unknown,2017-3
161466,stable,2017-3
161468,unknown,2017-3
161470,unknown,2017-3
161471,unknown,2017-3
161477,decreasing,2017-3
161479,unknown,2017-3
161484,unknown,2017-3
161486,unknown,2017-3
161488,decreasing,2017-3
161489,unknown,2017-3
161491,unknown,2017-3
161492,unknown,2017-3
161495,decreasing,2017-3
161496,unknown,2017-3
161501,unknown,2017-3
161505,unknown,2017-3
161512,unknown,2017-3
161517,unknown,2017-3
161521,unknown,2017-3
161524,unknown,2017-3
161526,decreasing,2017-3
161529,unknown,2017-3
161534,unknown,2017-3
161535,unknown,2017-3
161539,unknown,2017-3
161540,decreasing,2017-3
161542,decreasing,2017-3
161544,unknown,2017-3
161546,decreasing,2017-3
161547,decreasing,2017-3
161551,unknown,2017-3
161553,unknown,2017-3
161557,unknown,2017-3
161558,unknown,2017-3
161566,unknown,2017-3
161570,decreasing,2017-3
161574,increasing,2017-3
161575,unknown,2017-3
161587,unknown,2017-3
161589,unknown,2017-3
161595,stable,2017-3
161596,unknown,2017-3
161597,decreasing,2017-3
161598,decreasing,2017-3
161599,stable,2017-3
161600,stable,2017-3
161612,unknown,2017-3
161615,decreasing,2017-3
161621,decreasing,2017-3
161622,stable,2017-3
161623,unknown,2017-3
161626,unknown,2017-3
161628,increasing,2017-3
161629,unknown,2017-3
161631,decreasing,2017-3
161635,unknown,2017-3
161637,unknown,2017-3
161640,unknown,2017-3
161644,unknown,2017-3
161648,unknown,2017-3
161651,unknown,2017-3
161652,decreasing,2017-3
161655,unknown,2017-3
161658,unknown,2017-3
161659,unknown,2017-3
161661,stable,2017-3
161664,unknown,2017-3
161665,unknown,2017-3
161666,stable,2017-3
161669,decreasing,2017-3
161673,unknown,2017-3
161674,unknown,2017-3
161675,decreasing,2017-3
161691,decreasing,2017-3
161692,decreasing,2017-3
161695,unknown,2017-3
161696,decreasing,2017-3
161700,unknown,2017-3
161702,unknown,2017-3
161705,stable,2017-3
161714,stable,2017-3
161722,unknown,2017-3
161729,decreasing,2017-3
161731,unknown,2017-3
161743,unknown,2017-3
161744,decreasing,2017-3
161745,unknown,2017-3
161746,unknown,2017-3
162509,unknown,2017-3
162515,unknown,2017-3
162520,unknown,2017-3
162535,unknown,2017-3
162544,unknown,2017-3
162552,unknown,2017-3
162554,unknown,2017-3
162556,unknown,2017-3
162575,unknown,2017-3
162582,unknown,2017-3
162587,unknown,2017-3
162596,unknown,2017-3
162601,unknown,2017-3
162606,unknown,2017-3
162613,unknown,2017-3
162616,unknown,2017-3
162617,unknown,2017-3
162618,unknown,2017-3
162620,unknown,2017-3
162625,unknown,2017-3
162626,unknown,2017-3
162629,unknown,2017-3
162633,unknown,2017-3
162634,unknown,2017-3
162642,unknown,2017-3
162647,unknown,2017-3
162652,unknown,2017-3
162663,unknown,2017-3
162664,unknown,2017-3
162672,unknown,2017-3
162679,unknown,2017-3
162680,unknown,2017-3
162683,unknown,2017-3
162900,unknown,2017-3
162909,unknown,2017-3
162926,unknown,2017-3
162941,unknown,2017-3
162950,unknown,2017-3
162956,unknown,2017-3
162961,unknown,2017-3
163002,unknown,2017-3
163026,unknown,2017-3
163050,unknown,2017-3
163059,unknown,2017-3
163071,unknown,2017-3
163073,unknown,2017-3
163085,unknown,2017-3
163089,unknown,2017-3
163094,unknown,2017-3
163102,unknown,2017-3
163114,unknown,2017-3
163129,unknown,2017-3
163146,unknown,2017-3
163152,unknown,2017-3
163156,unknown,2017-3
163161,unknown,2017-3
163163,unknown,2017-3
163177,unknown,2017-3
163184,unknown,2017-3
163186,unknown,2017-3
163189,unknown,2017-3
163198,unknown,2017-3
163218,unknown,2017-3
163228,unknown,2017-3
163232,unknown,2017-3
163242,unknown,2017-3
163243,unknown,2017-3
163246,unknown,2017-3
163247,unknown,2017-3
163255,unknown,2017-3
163256,unknown,2017-3
163258,unknown,2017-3
163260,unknown,2017-3
163265,unknown,2017-3
163267,unknown,2017-3
163269,unknown,2017-3
163276,unknown,2017-3
163288,unknown,2017-3
163294,unknown,2017-3
163302,unknown,2017-3
163311,unknown,2017-3
163338,unknown,2017-3
163343,unknown,2017-3
163353,unknown,2017-3
163369,unknown,2017-3
165607,stable,2017-3
165608,stable,2017-3
165609,stable,2017-3
165610,stable,2017-3
165611,stable,2017-3
165612,stable,2017-3
165613,unknown,2017-3
165614,stable,2017-3
165615,stable,2017-3
165616,stable,2017-3
165618,unknown,2017-3
165619,stable,2017-3
165620,stable,2017-3
165621,unknown,2017-3
165622,stable,2017-3
165623,unknown,2017-3
165624,stable,2017-3
165625,stable,2017-3
165626,stable,2017-3
165627,stable,2017-3
165628,stable,2017-3
165630,stable,2017-3
165631,decreasing,2017-3
165632,stable,2017-3
165633,stable,2017-3
165634,stable,2017-3
165635,stable,2017-3
165636,stable,2017-3
165637,stable,2017-3
165638,unknown,2017-3
165639,stable,2017-3
165640,stable,2017-3
165641,unknown,2017-3
165642,unknown,2017-3
165643,unknown,2017-3
165646,unknown,2017-3
165648,stable,2017-3
165649,stable,2017-3
165650,stable,2017-3
165651,stable,2017-3
165652,stable,2017-3
165653,stable,2017-3
165654,stable,2017-3
165655,stable,2017-3
165656,stable,2017-3
165657,decreasing,2017-3
165659,stable,2017-3
165660,stable,2017-3
165661,stable,2017-3
165662,stable,2017-3
165663,stable,2017-3
165664,stable,2017-3
165665,stable,2017-3
165666,stable,2017-3
165667,unknown,2017-3
165668,stable,2017-3
165669,stable,2017-3
165670,stable,2017-3
165671,unknown,2017-3
165672,stable,2017-3
165674,unknown,2017-3
165675,stable,2017-3
165677,stable,2017-3
165678,stable,2017-3
165679,stable,2017-3
165680,stable,2017-3
165681,stable,2017-3
165682,stable,2017-3
165683,stable,2017-3
165684,stable,2017-3
165685,stable,2017-3
165687,unknown,2017-3
165688,stable,2017-3
165689,decreasing,2017-3
165691,stable,2017-3
165692,decreasing,2017-3
165693,stable,2017-3
165694,unknown,2017-3
165695,stable,2017-3
165696,stable,2017-3
165697,stable,2017-3
165698,stable,2017-3
165700,unknown,2017-3
165701,unknown,2017-3
165702,stable,2017-3
165703,stable,2017-3
165704,decreasing,2017-3
165705,stable,2017-3
165706,stable,2017-3
165709,stable,2017-3
165710,stable,2017-3
165711,stable,2017-3
165712,decreasing,2017-3
165714,stable,2017-3
165716,stable,2017-3
165717,decreasing,2017-3
165718,stable,2017-3
165719,stable,2017-3
165720,stable,2017-3
165721,stable,2017-3
165723,stable,2017-3
165724,stable,2017-3
165725,stable,2017-3
165726,stable,2017-3
165822,stable,2017-3
165825,stable,2017-3
165826,unknown,2017-3
165828,stable,2017-3
165829,stable,2017-3
165830,stable,2017-3
165831,stable,2017-3
165832,stable,2017-3
165833,stable,2017-3
165834,stable,2017-3
165835,stable,2017-3
165837,unknown,2017-3
165838,stable,2017-3
165839,stable,2017-3
165840,stable,2017-3
165841,stable,2017-3
165842,stable,2017-3
165843,stable,2017-3
165844,unknown,2017-3
165845,stable,2017-3
165846,stable,2017-3
165847,unknown,2017-3
165848,stable,2017-3
165849,stable,2017-3
165850,stable,2017-3
165851,stable,2017-3
165852,stable,2017-3
165853,stable,2017-3
165854,stable,2017-3
165855,stable,2017-3
165856,stable,2017-3
165857,stable,2017-3
165858,stable,2017-3
165860,stable,2017-3
165862,stable,2017-3
165864,stable,2017-3
165865,stable,2017-3
165867,stable,2017-3
165868,stable,2017-3
165870,stable,2017-3
165871,stable,2017-3
165872,stable,2017-3
165873,stable,2017-3
165874,stable,2017-3
165876,stable,2017-3
165878,stable,2017-3
165879,stable,2017-3
165880,stable,2017-3
165881,stable,2017-3
165882,stable,2017-3
165883,stable,2017-3
165884,stable,2017-3
165885,stable,2017-3
165887,stable,2017-3
165888,stable,2017-3
165889,stable,2017-3
165890,stable,2017-3
165891,stable,2017-3
165893,stable,2017-3
165895,stable,2017-3
165896,stable,2017-3
165897,stable,2017-3
165898,stable,2017-3
165899,stable,2017-3
165900,stable,2017-3
165901,stable,2017-3
165902,stable,2017-3
165910,unknown,2017-3
166077,stable,2017-3
166138,stable,2017-3
166144,unknown,2017-3
166184,decreasing,2017-3
166216,unknown,2017-3
166442,decreasing,2017-3
166446,unknown,2017-3
166483,decreasing,2017-3
166533,unknown,2017-3
166552,unknown,2017-3
166575,unknown,2017-3
166598,unknown,2017-3
166693,unknown,2017-3
166856,stable,2017-3
166879,unknown,2017-3
166881,unknown,2017-3
166892,unknown,2017-3
166893,unknown,2017-3
166894,unknown,2017-3
166897,unknown,2017-3
166900,stable,2017-3
166980,unknown,2017-3
166990,unknown,2017-3
167710,stable,2017-3
168374,stable,2017-3
169353,stable,2017-3
169359,stable,2017-3
169587,unknown,2017-3
169632,stable,2017-3
169679,stable,2017-3
169949,unknown,2017-3
169951,unknown,2017-3
169954,unknown,2017-3
169955,stable,2017-3
169958,unknown,2017-3
169960,unknown,2017-3
169962,unknown,2017-3
169963,stable,2017-3
169964,unknown,2017-3
169965,decreasing,2017-3
169966,stable,2017-3
169967,stable,2017-3
169968,stable,2017-3
169969,unknown,2017-3
169970,unknown,2017-3
169972,unknown,2017-3
169973,unknown,2017-3
169974,unknown,2017-3
169975,decreasing,2017-3
169978,unknown,2017-3
169979,unknown,2017-3
169984,stable,2017-3
169985,unknown,2017-3
169986,unknown,2017-3
169987,stable,2017-3
169988,unknown,2017-3
169989,unknown,2017-3
169990,unknown,2017-3
169991,unknown,2017-3
169996,unknown,2017-3
169999,increasing,2017-3
170000,unknown,2017-3
170002,unknown,2017-3
170004,unknown,2017-3
170005,unknown,2017-3
170008,unknown,2017-3
170009,stable,2017-3
170010,unknown,2017-3
170011,unknown,2017-3
170015,unknown,2017-3
170017,unknown,2017-3
170018,unknown,2017-3
170021,unknown,2017-3
170023,unknown,2017-3
170024,unknown,2017-3
170025,stable,2017-3
170026,unknown,2017-3
170029,unknown,2017-3
170032,unknown,2017-3
170034,unknown,2017-3
170035,unknown,2017-3
170037,unknown,2017-3
170038,unknown,2017-3
170042,unknown,2017-3
170044,unknown,2017-3
170048,unknown,2017-3
170049,unknown,2017-3
170050,decreasing,2017-3
170051,unknown,2017-3
170053,unknown,2017-3
170054,unknown,2017-3
170055,unknown,2017-3
170056,unknown,2017-3
170062,unknown,2017-3
170063,unknown,2017-3
170064,unknown,2017-3
170065,unknown,2017-3
170070,unknown,2017-3
170071,unknown,2017-3
170072,stable,2017-3
170073,unknown,2017-3
170075,unknown,2017-3
170080,unknown,2017-3
170082,unknown,2017-3
170086,unknown,2017-3
170087,stable,2017-3
170088,unknown,2017-3
170089,unknown,2017-3
170093,unknown,2017-3
170095,unknown,2017-3
170306,stable,2017-3
170308,unknown,2017-3
170309,decreasing,2017-3
170310,stable,2017-3
170313,unknown,2017-3
170314,decreasing,2017-3
170316,decreasing,2017-3
170319,stable,2017-3
170320,stable,2017-3
170321,unknown,2017-3
170322,decreasing,2017-3
170323,unknown,2017-3
170325,stable,2017-3
170326,unknown,2017-3
170327,unknown,2017-3
170329,stable,2017-3
170330,decreasing,2017-3
170331,stable,2017-3
170332,unknown,2017-3
170334,stable,2017-3
170335,decreasing,2017-3
170336,unknown,2017-3
170337,unknown,2017-3
170338,unknown,2017-3
170339,stable,2017-3
170340,unknown,2017-3
170341,decreasing,2017-3
170342,unknown,2017-3
170343,unknown,2017-3
170344,stable,2017-3
170345,stable,2017-3
170349,stable,2017-3
170350,stable,2017-3
170352,decreasing,2017-3
170353,unknown,2017-3
170354,decreasing,2017-3
170355,stable,2017-3
170357,unknown,2017-3
170358,unknown,2017-3
172321,unknown,2017-3
172359,unknown,2017-3
172363,unknown,2017-3
172393,unknown,2017-3
172404,stable,2017-3
172415,unknown,2017-3
172443,stable,2017-3
172450,unknown,2017-3
172468,unknown,2017-3
172469,unknown,2017-3
172497,unknown,2017-3
176066,unknown,2017-3
176070,unknown,2017-3
176079,unknown,2017-3
176085,unknown,2017-3
176088,unknown,2017-3
176704,decreasing,2017-3
176708,unknown,2017-3
176715,unknown,2017-3
176717,unknown,2017-3
176719,stable,2017-3
176720,decreasing,2017-3
176726,unknown,2017-3
176729,unknown,2017-3
176734,stable,2017-3
176737,unknown,2017-3
176738,stable,2017-3
176743,unknown,2017-3
176745,unknown,2017-3
176746,unknown,2017-3
176748,decreasing,2017-3
176750,stable,2017-3
176756,stable,2017-3
176757,unknown,2017-3
176769,stable,2017-3
176771,stable,2017-3
177949,stable,2017-3
177950,stable,2017-3
177951,stable,2017-3
177953,stable,2017-3
177955,stable,2017-3
177957,unknown,2017-3
177958,stable,2017-3
177959,unknown,2017-3
177960,stable,2017-3
177961,unknown,2017-3
177962,unknown,2017-3
177963,unknown,2017-3
177964,unknown,2017-3
177965,stable,2017-3
177967,stable,2017-3
177968,stable,2017-3
177969,stable,2017-3
177970,unknown,2017-3
177971,stable,2017-3
177972,unknown,2017-3
177974,unknown,2017-3
177975,stable,2017-3
177976,stable,2017-3
177977,unknown,2017-3
177979,unknown,2017-3
177980,stable,2017-3
177981,unknown,2017-3
177982,stable,2017-3
177983,stable,2017-3
177985,stable,2017-3
177986,unknown,2017-3
177987,stable,2017-3
177988,stable,2017-3
177989,stable,2017-3
177990,stable,2017-3
177991,stable,2017-3
177992,unknown,2017-3
177993,stable,2017-3
177994,unknown,2017-3
177995,unknown,2017-3
177997,stable,2017-3
177998,stable,2017-3
177999,stable,2017-3
178000,unknown,2017-3
178002,stable,2017-3
178004,unknown,2017-3
178005,stable,2017-3
178006,unknown,2017-3
178007,unknown,2017-3
178008,stable,2017-3
178009,stable,2017-3
178010,stable,2017-3
178011,stable,2017-3
178012,stable,2017-3
178013,stable,2017-3
178014,unknown,2017-3
178015,stable,2017-3
178016,unknown,2017-3
178017,stable,2017-3
178018,unknown,2017-3
178019,stable,2017-3
178020,unknown,2017-3
178021,stable,2017-3
178022,stable,2017-3
178023,unknown,2017-3
178024,stable,2017-3
178025,unknown,2017-3
178054,unknown,2017-3
178060,unknown,2017-3
178062,unknown,2017-3
178063,unknown,2017-3
178064,unknown,2017-3
178065,unknown,2017-3
178066,unknown,2017-3
178067,unknown,2017-3
178070,stable,2017-3
178072,unknown,2017-3
178074,unknown,2017-3
178100,unknown,2017-3
178102,unknown,2017-3
178105,unknown,2017-3
178106,unknown,2017-3
178107,unknown,2017-3
178111,unknown,2017-3
180103,unknown,2017-3
180109,unknown,2017-3
180111,unknown,2017-3
180120,unknown,2017-3
180122,unknown,2017-3
180123,unknown,2017-3
180125,unknown,2017-3
180133,unknown,2017-3
180142,unknown,2017-3
180231,unknown,2017-3
180235,unknown,2017-3
180246,unknown,2017-3
180248,unknown,2017-3
180254,unknown,2017-3
180257,decreasing,2017-3
180265,decreasing,2017-3
180275,decreasing,2017-3
180286,unknown,2017-3
180295,unknown,2017-3
180297,unknown,2017-3
180298,unknown,2017-3
180316,unknown,2017-3
180326,NA,2017-3
180329,unknown,2017-3
180337,decreasing,2017-3
180353,unknown,2017-3
180373,decreasing,2017-3
180375,unknown,2017-3
180395,unknown,2017-3
180400,unknown,2017-3
180406,unknown,2017-3
180414,unknown,2017-3
180421,stable,2017-3
180424,decreasing,2017-3
180436,stable,2017-3
180443,unknown,2017-3
180455,unknown,2017-3
180476,unknown,2017-3
180477,stable,2017-3
180479,unknown,2017-3
180481,decreasing,2017-3
180492,unknown,2017-3
180493,unknown,2017-3
180494,unknown,2017-3
180495,unknown,2017-3
180504,stable,2017-3
180518,decreasing,2017-3
180519,unknown,2017-3
180525,unknown,2017-3
180534,unknown,2017-3
180540,unknown,2017-3
180541,stable,2017-3
180682,unknown,2017-3
180706,unknown,2017-3
180866,unknown,2017-3
180926,unknown,2017-3
180966,unknown,2017-3
181029,unknown,2017-3
181100,unknown,2017-3
181550,unknown,2017-3
181577,unknown,2017-3
181797,unknown,2017-3
182223,unknown,2017-3
182285,unknown,2017-3
182363,unknown,2017-3
182549,unknown,2017-3
182611,unknown,2017-3
182933,unknown,2017-3
183155,unknown,2017-3
183158,stable,2017-3
183159,stable,2017-3
183206,unknown,2017-3
183208,unknown,2017-3
183210,unknown,2017-3
183211,unknown,2017-3
183213,unknown,2017-3
183215,unknown,2017-3
183217,unknown,2017-3
183218,unknown,2017-3
183219,unknown,2017-3
183220,unknown,2017-3
183221,unknown,2017-3
183222,unknown,2017-3
183224,unknown,2017-3
183225,stable,2017-3
183227,unknown,2017-3
183229,unknown,2017-3
183230,unknown,2017-3
183232,unknown,2017-3
183233,unknown,2017-3
183235,unknown,2017-3
183237,unknown,2017-3
183244,unknown,2017-3
183245,unknown,2017-3
183246,unknown,2017-3
183248,unknown,2017-3
183249,unknown,2017-3
183250,unknown,2017-3
183251,unknown,2017-3
183256,unknown,2017-3
183257,stable,2017-3
183259,unknown,2017-3
183260,stable,2017-3
183261,unknown,2017-3
183263,unknown,2017-3
183268,unknown,2017-3
183269,unknown,2017-3
183270,unknown,2017-3
183273,stable,2017-3
183275,unknown,2017-3
183276,unknown,2017-3
183278,unknown,2017-3
183280,unknown,2017-3
183281,unknown,2017-3
183282,unknown,2017-3
183283,unknown,2017-3
183284,unknown,2017-3
183285,unknown,2017-3
183287,unknown,2017-3
183291,unknown,2017-3
183292,unknown,2017-3
183293,unknown,2017-3
183294,unknown,2017-3
183295,unknown,2017-3
183297,unknown,2017-3
183298,unknown,2017-3
183300,unknown,2017-3
183301,unknown,2017-3
183303,unknown,2017-3
183304,unknown,2017-3
183308,stable,2017-3
183309,unknown,2017-3
183310,stable,2017-3
183311,unknown,2017-3
183312,unknown,2017-3
183313,unknown,2017-3
183315,unknown,2017-3
183317,unknown,2017-3
183319,unknown,2017-3
183322,unknown,2017-3
183324,unknown,2017-3
183329,unknown,2017-3
183330,unknown,2017-3
183331,unknown,2017-3
183334,unknown,2017-3
183335,unknown,2017-3
183336,unknown,2017-3
183337,unknown,2017-3
183339,unknown,2017-3
183341,unknown,2017-3
183342,unknown,2017-3
183345,unknown,2017-3
183346,unknown,2017-3
183349,unknown,2017-3
183355,unknown,2017-3
183358,unknown,2017-3
183361,unknown,2017-3
183362,unknown,2017-3
183363,stable,2017-3
183367,unknown,2017-3
183370,unknown,2017-3
183372,unknown,2017-3
183374,unknown,2017-3
183375,unknown,2017-3
183376,unknown,2017-3
183377,unknown,2017-3
183378,stable,2017-3
183379,unknown,2017-3
183380,unknown,2017-3
183382,unknown,2017-3
183384,unknown,2017-3
183385,unknown,2017-3
183386,unknown,2017-3
183389,unknown,2017-3
183390,unknown,2017-3
183392,unknown,2017-3
183394,unknown,2017-3
183395,unknown,2017-3
183396,unknown,2017-3
183397,unknown,2017-3
183398,unknown,2017-3
183399,unknown,2017-3
183400,unknown,2017-3
183402,unknown,2017-3
183403,unknown,2017-3
183408,unknown,2017-3
183410,unknown,2017-3
183411,unknown,2017-3
183412,unknown,2017-3
183416,unknown,2017-3
183418,unknown,2017-3
183419,unknown,2017-3
183420,unknown,2017-3
183421,unknown,2017-3
183422,unknown,2017-3
183423,unknown,2017-3
183425,unknown,2017-3
183426,unknown,2017-3
183428,unknown,2017-3
183429,unknown,2017-3
183430,unknown,2017-3
183431,unknown,2017-3
183432,unknown,2017-3
183434,unknown,2017-3
183436,unknown,2017-3
183443,stable,2017-3
183444,unknown,2017-3
183445,unknown,2017-3
183446,stable,2017-3
183449,unknown,2017-3
183450,unknown,2017-3
183452,unknown,2017-3
183454,unknown,2017-3
183459,unknown,2017-3
183460,unknown,2017-3
183462,unknown,2017-3
183464,unknown,2017-3
183467,unknown,2017-3
183468,stable,2017-3
183470,unknown,2017-3
183471,unknown,2017-3
183472,unknown,2017-3
183474,unknown,2017-3
183475,unknown,2017-3
183477,unknown,2017-3
183479,unknown,2017-3
183480,unknown,2017-3
183482,unknown,2017-3
183483,unknown,2017-3
183485,unknown,2017-3
183487,unknown,2017-3
183489,unknown,2017-3
183490,stable,2017-3
183491,unknown,2017-3
183492,unknown,2017-3
183494,unknown,2017-3
183497,unknown,2017-3
183498,unknown,2017-3
183501,unknown,2017-3
183502,unknown,2017-3
183504,unknown,2017-3
183505,unknown,2017-3
183506,unknown,2017-3
183507,unknown,2017-3
183508,unknown,2017-3
183509,unknown,2017-3
183511,unknown,2017-3
183514,unknown,2017-3
183515,unknown,2017-3
183516,unknown,2017-3
183517,unknown,2017-3
183521,unknown,2017-3
183522,unknown,2017-3
183525,unknown,2017-3
183526,unknown,2017-3
183528,unknown,2017-3
183530,unknown,2017-3
183531,unknown,2017-3
183532,unknown,2017-3
183535,unknown,2017-3
183539,unknown,2017-3
183541,unknown,2017-3
183543,unknown,2017-3
183544,unknown,2017-3
183545,stable,2017-3
183547,unknown,2017-3
183553,unknown,2017-3
183554,unknown,2017-3
183555,unknown,2017-3
183557,unknown,2017-3
183563,unknown,2017-3
183566,unknown,2017-3
183570,unknown,2017-3
183571,unknown,2017-3
183573,unknown,2017-3
183574,unknown,2017-3
183575,unknown,2017-3
183576,unknown,2017-3
183577,unknown,2017-3
183578,unknown,2017-3
183579,unknown,2017-3
183580,unknown,2017-3
183581,unknown,2017-3
183584,unknown,2017-3
183585,unknown,2017-3
183586,unknown,2017-3
183587,unknown,2017-3
183590,unknown,2017-3
183593,unknown,2017-3
183595,unknown,2017-3
183596,unknown,2017-3
183597,unknown,2017-3
183598,unknown,2017-3
183599,unknown,2017-3
183601,unknown,2017-3
183603,unknown,2017-3
183605,unknown,2017-3
183606,unknown,2017-3
183607,unknown,2017-3
183611,unknown,2017-3
183613,unknown,2017-3
183616,unknown,2017-3
183617,unknown,2017-3
183618,stable,2017-3
183619,unknown,2017-3
183620,unknown,2017-3
183621,unknown,2017-3
183622,unknown,2017-3
183624,stable,2017-3
183628,unknown,2017-3
183629,unknown,2017-3
183630,unknown,2017-3
183632,unknown,2017-3
183635,unknown,2017-3
183636,unknown,2017-3
183637,unknown,2017-3
183638,unknown,2017-3
183639,unknown,2017-3
183640,unknown,2017-3
183642,unknown,2017-3
183643,unknown,2017-3
183645,unknown,2017-3
183646,stable,2017-3
183648,unknown,2017-3
183649,stable,2017-3
183650,unknown,2017-3
183651,unknown,2017-3
183652,unknown,2017-3
183653,unknown,2017-3
183654,unknown,2017-3
183655,unknown,2017-3
183656,unknown,2017-3
183657,unknown,2017-3
183658,unknown,2017-3
183659,unknown,2017-3
183660,unknown,2017-3
183664,unknown,2017-3
183665,unknown,2017-3
183666,unknown,2017-3
183667,unknown,2017-3
183668,unknown,2017-3
183669,unknown,2017-3
183671,unknown,2017-3
183675,unknown,2017-3
183677,unknown,2017-3
183678,unknown,2017-3
183679,unknown,2017-3
183680,unknown,2017-3
183683,unknown,2017-3
183684,unknown,2017-3
183685,unknown,2017-3
183688,unknown,2017-3
183690,unknown,2017-3
183691,unknown,2017-3
183692,unknown,2017-3
183693,unknown,2017-3
183694,unknown,2017-3
183695,unknown,2017-3
183696,unknown,2017-3
183697,stable,2017-3
183699,unknown,2017-3
183700,unknown,2017-3
183701,unknown,2017-3
183704,unknown,2017-3
183705,unknown,2017-3
183706,unknown,2017-3
183707,unknown,2017-3
183713,unknown,2017-3
183714,unknown,2017-3
183716,unknown,2017-3
183718,unknown,2017-3
183719,unknown,2017-3
183720,unknown,2017-3
183724,unknown,2017-3
183725,stable,2017-3
183726,unknown,2017-3
183727,unknown,2017-3
183729,unknown,2017-3
183730,unknown,2017-3
183731,stable,2017-3
183733,unknown,2017-3
183734,unknown,2017-3
183736,unknown,2017-3
183737,unknown,2017-3
183740,unknown,2017-3
183743,unknown,2017-3
183744,unknown,2017-3
183745,unknown,2017-3
183747,unknown,2017-3
183750,unknown,2017-3
183751,unknown,2017-3
183752,unknown,2017-3
183754,unknown,2017-3
183756,unknown,2017-3
183757,unknown,2017-3
183758,unknown,2017-3
183761,unknown,2017-3
183763,unknown,2017-3
183764,unknown,2017-3
183765,unknown,2017-3
183767,unknown,2017-3
183768,unknown,2017-3
183769,decreasing,2017-3
183773,unknown,2017-3
183774,unknown,2017-3
183775,unknown,2017-3
183776,unknown,2017-3
183777,unknown,2017-3
183779,unknown,2017-3
183780,unknown,2017-3
183782,unknown,2017-3
183786,unknown,2017-3
183788,unknown,2017-3
183789,unknown,2017-3
183793,unknown,2017-3
183794,unknown,2017-3
183795,unknown,2017-3
183796,unknown,2017-3
183799,unknown,2017-3
183801,stable,2017-3
183803,unknown,2017-3
183804,unknown,2017-3
183805,stable,2017-3
183806,unknown,2017-3
183807,unknown,2017-3
183808,unknown,2017-3
183809,unknown,2017-3
183810,unknown,2017-3
183812,unknown,2017-3
183813,unknown,2017-3
183814,unknown,2017-3
183815,unknown,2017-3
183817,stable,2017-3
183820,unknown,2017-3
183821,unknown,2017-3
183822,stable,2017-3
183824,unknown,2017-3
183825,unknown,2017-3
183827,unknown,2017-3
183828,unknown,2017-3
183833,unknown,2017-3
183835,stable,2017-3
183838,unknown,2017-3
183839,stable,2017-3
183840,unknown,2017-3
183841,unknown,2017-3
183843,unknown,2017-3
183845,unknown,2017-3
183848,unknown,2017-3
183849,stable,2017-3
183850,unknown,2017-3
183851,unknown,2017-3
183853,unknown,2017-3
183854,unknown,2017-3
183855,unknown,2017-3
183856,stable,2017-3
183859,unknown,2017-3
183861,unknown,2017-3
183862,unknown,2017-3
183864,unknown,2017-3
183866,unknown,2017-3
183867,unknown,2017-3
183868,unknown,2017-3
183870,unknown,2017-3
183871,unknown,2017-3
183872,unknown,2017-3
183873,unknown,2017-3
183874,unknown,2017-3
183878,stable,2017-3
183881,unknown,2017-3
183885,unknown,2017-3
183886,unknown,2017-3
183889,unknown,2017-3
183891,unknown,2017-3
183892,unknown,2017-3
183897,unknown,2017-3
183901,unknown,2017-3
183903,unknown,2017-3
183906,unknown,2017-3
183910,stable,2017-3
183916,unknown,2017-3
183917,unknown,2017-3
183919,unknown,2017-3
183920,unknown,2017-3
183921,unknown,2017-3
183922,unknown,2017-3
183923,unknown,2017-3
183925,unknown,2017-3
183926,unknown,2017-3
183928,unknown,2017-3
183929,unknown,2017-3
183930,unknown,2017-3
183931,unknown,2017-3
183932,unknown,2017-3
183933,unknown,2017-3
183936,unknown,2017-3
183938,unknown,2017-3
183940,unknown,2017-3
183941,unknown,2017-3
183943,unknown,2017-3
183944,unknown,2017-3
183947,unknown,2017-3
183948,unknown,2017-3
183950,unknown,2017-3
183952,unknown,2017-3
183954,unknown,2017-3
183956,unknown,2017-3
183957,stable,2017-3
183963,unknown,2017-3
183967,unknown,2017-3
183969,unknown,2017-3
183971,unknown,2017-3
183972,unknown,2017-3
183975,unknown,2017-3
183976,unknown,2017-3
183977,unknown,2017-3
183980,stable,2017-3
183982,unknown,2017-3
183983,unknown,2017-3
183985,stable,2017-3
183986,unknown,2017-3
183988,unknown,2017-3
183989,unknown,2017-3
183991,unknown,2017-3
183994,unknown,2017-3
183996,unknown,2017-3
183997,unknown,2017-3
183998,unknown,2017-3
184000,unknown,2017-3
184003,unknown,2017-3
184004,unknown,2017-3
184005,unknown,2017-3
184006,unknown,2017-3
184007,unknown,2017-3
184008,unknown,2017-3
184009,unknown,2017-3
184010,unknown,2017-3
184012,unknown,2017-3
184013,unknown,2017-3
184016,stable,2017-3
184017,unknown,2017-3
184019,unknown,2017-3
184023,unknown,2017-3
184026,unknown,2017-3
184029,unknown,2017-3
184032,unknown,2017-3
184034,unknown,2017-3
184035,stable,2017-3
184036,unknown,2017-3
184037,unknown,2017-3
184038,unknown,2017-3
184041,unknown,2017-3
184042,unknown,2017-3
184043,unknown,2017-3
184044,unknown,2017-3
184050,unknown,2017-3
184051,unknown,2017-3
184055,unknown,2017-3
184056,unknown,2017-3
184088,stable,2017-3
184099,unknown,2017-3
184812,unknown,2017-3
184847,unknown,2017-3
184918,unknown,2017-3
184996,unknown,2017-3
184997,unknown,2017-3
185012,stable,2017-3
185017,stable,2017-3
185018,unknown,2017-3
185019,unknown,2017-3
185020,unknown,2017-3
185023,unknown,2017-3
185026,stable,2017-3
185029,unknown,2017-3
185031,unknown,2017-3
185034,unknown,2017-3
185035,unknown,2017-3
185036,unknown,2017-3
185038,stable,2017-3
185040,unknown,2017-3
185041,unknown,2017-3
185042,unknown,2017-3
185060,unknown,2017-3
185061,unknown,2017-3
185062,unknown,2017-3
185064,unknown,2017-3
185066,unknown,2017-3
185067,unknown,2017-3
185069,unknown,2017-3
185070,unknown,2017-3
185072,unknown,2017-3
185073,unknown,2017-3
185074,unknown,2017-3
185076,unknown,2017-3
185077,unknown,2017-3
185080,unknown,2017-3
185083,unknown,2017-3
185088,unknown,2017-3
185089,unknown,2017-3
185091,unknown,2017-3
185093,unknown,2017-3
185096,unknown,2017-3
185128,stable,2017-3
186089,unknown,2017-3
186106,unknown,2017-3
187368,unknown,2017-3
187370,unknown,2017-3
187371,unknown,2017-3
187373,unknown,2017-3
187378,unknown,2017-3
187379,unknown,2017-3
187381,stable,2017-3
187383,unknown,2017-3
187384,unknown,2017-3
187390,unknown,2017-3
187393,unknown,2017-3
187394,unknown,2017-3
187395,unknown,2017-3
187396,unknown,2017-3
187397,stable,2017-3
187398,unknown,2017-3
187400,stable,2017-3
187401,unknown,2017-3
187403,unknown,2017-3
187405,unknown,2017-3
187406,unknown,2017-3
187407,unknown,2017-3
187409,unknown,2017-3
187410,unknown,2017-3
187411,unknown,2017-3
187413,unknown,2017-3
187414,unknown,2017-3
187415,unknown,2017-3
187416,unknown,2017-3
187417,unknown,2017-3
187418,stable,2017-3
187419,unknown,2017-3
187421,unknown,2017-3
187423,unknown,2017-3
187424,unknown,2017-3
187425,unknown,2017-3
187426,stable,2017-3
187427,unknown,2017-3
187428,unknown,2017-3
187430,unknown,2017-3
187431,unknown,2017-3
187434,unknown,2017-3
187436,stable,2017-3
187438,unknown,2017-3
187439,unknown,2017-3
187440,unknown,2017-3
187441,unknown,2017-3
187443,unknown,2017-3
187444,unknown,2017-3
187446,unknown,2017-3
187447,unknown,2017-3
187448,unknown,2017-3
187450,unknown,2017-3
187451,unknown,2017-3
187452,unknown,2017-3
187453,stable,2017-3
187454,unknown,2017-3
187455,unknown,2017-3
187456,unknown,2017-3
187462,unknown,2017-3
187463,unknown,2017-3
187465,unknown,2017-3
187466,unknown,2017-3
187467,unknown,2017-3
187472,unknown,2017-3
187473,unknown,2017-3
187474,unknown,2017-3
187475,stable,2017-3
187476,unknown,2017-3
187477,unknown,2017-3
187478,unknown,2017-3
187479,decreasing,2017-3
187481,unknown,2017-3
187482,unknown,2017-3
187483,unknown,2017-3
187485,unknown,2017-3
187489,unknown,2017-3
187490,unknown,2017-3
187491,stable,2017-3
187492,stable,2017-3
187494,unknown,2017-3
187495,decreasing,2017-3
187496,unknown,2017-3
187497,unknown,2017-3
187498,unknown,2017-3
187499,unknown,2017-3
187502,unknown,2017-3
187505,unknown,2017-3
187506,decreasing,2017-3
187507,unknown,2017-3
187511,unknown,2017-3
187512,unknown,2017-3
187515,unknown,2017-3
187516,unknown,2017-3
187517,unknown,2017-3
187518,unknown,2017-3
187519,unknown,2017-3
187520,decreasing,2017-3
187522,unknown,2017-3
187523,unknown,2017-3
187524,unknown,2017-3
187525,unknown,2017-3
187527,unknown,2017-3
187530,unknown,2017-3
187533,unknown,2017-3
187534,unknown,2017-3
187535,unknown,2017-3
187536,unknown,2017-3
187537,unknown,2017-3
187538,unknown,2017-3
187539,unknown,2017-3
187541,stable,2017-3
187543,unknown,2017-3
187545,decreasing,2017-3
187546,unknown,2017-3
187547,unknown,2017-3
187548,unknown,2017-3
187549,unknown,2017-3
187553,unknown,2017-3
187554,unknown,2017-3
187555,stable,2017-3
187559,unknown,2017-3
187560,unknown,2017-3
187561,unknown,2017-3
187562,unknown,2017-3
187563,unknown,2017-3
187564,unknown,2017-3
187565,decreasing,2017-3
187566,unknown,2017-3
187567,stable,2017-3
187568,decreasing,2017-3
187569,unknown,2017-3
187570,unknown,2017-3
187571,unknown,2017-3
187573,stable,2017-3
187574,unknown,2017-3
187575,unknown,2017-3
187578,unknown,2017-3
187580,unknown,2017-3
187583,unknown,2017-3
187584,unknown,2017-3
187587,unknown,2017-3
187588,unknown,2017-3
187589,unknown,2017-3
187592,unknown,2017-3
187594,unknown,2017-3
187595,unknown,2017-3
187598,unknown,2017-3
187599,unknown,2017-3
187600,unknown,2017-3
187601,unknown,2017-3
187602,unknown,2017-3
187603,unknown,2017-3
187604,unknown,2017-3
187609,unknown,2017-3
187610,unknown,2017-3
187612,unknown,2017-3
187613,unknown,2017-3
187614,unknown,2017-3
187618,unknown,2017-3
187620,unknown,2017-3
187621,unknown,2017-3
187622,unknown,2017-3
187623,unknown,2017-3
187624,unknown,2017-3
187625,unknown,2017-3
187627,unknown,2017-3
187630,unknown,2017-3
187631,unknown,2017-3
187632,unknown,2017-3
187633,unknown,2017-3
187634,unknown,2017-3
187635,unknown,2017-3
187638,unknown,2017-3
187640,unknown,2017-3
187641,unknown,2017-3
187643,unknown,2017-3
187644,unknown,2017-3
187645,unknown,2017-3
187646,unknown,2017-3
187647,unknown,2017-3
187648,unknown,2017-3
187649,unknown,2017-3
187651,unknown,2017-3
187652,unknown,2017-3
187653,stable,2017-3
187654,decreasing,2017-3
187655,unknown,2017-3
187656,unknown,2017-3
187657,unknown,2017-3
187658,unknown,2017-3
187659,unknown,2017-3
187662,unknown,2017-3
187664,unknown,2017-3
187667,unknown,2017-3
187670,unknown,2017-3
187672,unknown,2017-3
187673,unknown,2017-3
187674,unknown,2017-3
187675,unknown,2017-3
187677,unknown,2017-3
187678,stable,2017-3
187679,stable,2017-3
187680,unknown,2017-3
187681,unknown,2017-3
187683,unknown,2017-3
187684,unknown,2017-3
187685,unknown,2017-3
187687,unknown,2017-3
187688,unknown,2017-3
187689,unknown,2017-3
187690,unknown,2017-3
187691,unknown,2017-3
187692,unknown,2017-3
187693,unknown,2017-3
187694,unknown,2017-3
187696,stable,2017-3
187697,unknown,2017-3
187698,unknown,2017-3
187699,unknown,2017-3
187701,unknown,2017-3
187702,unknown,2017-3
187705,unknown,2017-3
187707,unknown,2017-3
187710,stable,2017-3
187711,stable,2017-3
187713,unknown,2017-3
187714,stable,2017-3
187715,unknown,2017-3
187716,unknown,2017-3
187718,unknown,2017-3
187719,unknown,2017-3
187720,unknown,2017-3
187722,unknown,2017-3
187723,stable,2017-3
187724,unknown,2017-3
187726,unknown,2017-3
187727,unknown,2017-3
187728,unknown,2017-3
187729,unknown,2017-3
187730,unknown,2017-3
187731,unknown,2017-3
187733,unknown,2017-3
187735,unknown,2017-3
187736,unknown,2017-3
187737,unknown,2017-3
187738,unknown,2017-3
187739,unknown,2017-3
187740,unknown,2017-3
187741,unknown,2017-3
187742,unknown,2017-3
187744,unknown,2017-3
187746,unknown,2017-3
187747,unknown,2017-3
187748,stable,2017-3
187749,unknown,2017-3
187750,unknown,2017-3
187751,stable,2017-3
187752,stable,2017-3
187753,unknown,2017-3
187754,unknown,2017-3
187755,unknown,2017-3
187756,stable,2017-3
187757,unknown,2017-3
187758,stable,2017-3
187759,stable,2017-3
187762,unknown,2017-3
187763,unknown,2017-3
187765,unknown,2017-3
187766,unknown,2017-3
187767,unknown,2017-3
187768,unknown,2017-3
187769,unknown,2017-3
187770,unknown,2017-3
187772,unknown,2017-3
187775,stable,2017-3
187777,unknown,2017-3
187779,unknown,2017-3
187780,unknown,2017-3
187781,unknown,2017-3
187782,unknown,2017-3
187783,unknown,2017-3
187784,stable,2017-3
187785,unknown,2017-3
187786,unknown,2017-3
187787,unknown,2017-3
187790,unknown,2017-3
187791,unknown,2017-3
187792,unknown,2017-3
187793,unknown,2017-3
187794,unknown,2017-3
187795,unknown,2017-3
187797,unknown,2017-3
187798,unknown,2017-3
187799,unknown,2017-3
187801,unknown,2017-3
187802,unknown,2017-3
187803,unknown,2017-3
187805,stable,2017-3
187807,unknown,2017-3
187808,stable,2017-3
187809,unknown,2017-3
187810,unknown,2017-3
187812,unknown,2017-3
187813,unknown,2017-3
187815,unknown,2017-3
187935,unknown,2017-3
187987,unknown,2017-3
188101,stable,2017-3
188319,decreasing,2017-3
189357,unknown,2017-3
189436,stable,2017-3
189550,unknown,2017-3
189728,unknown,2017-3
189731,unknown,2017-3
189736,unknown,2017-3
189823,stable,2017-3
189824,stable,2017-3
190082,stable,2017-3
190443,stable,2017-3
190674,unknown,2017-3
190675,unknown,2017-3
190676,unknown,2017-3
190679,unknown,2017-3
190680,unknown,2017-3
190681,unknown,2017-3
190682,unknown,2017-3
190683,unknown,2017-3
190685,unknown,2017-3
190686,unknown,2017-3
190687,unknown,2017-3
190688,unknown,2017-3
190690,unknown,2017-3
190691,unknown,2017-3
190692,unknown,2017-3
190693,unknown,2017-3
190694,unknown,2017-3
190695,unknown,2017-3
190697,unknown,2017-3
190698,unknown,2017-3
190699,unknown,2017-3
190700,unknown,2017-3
190702,unknown,2017-3
190703,unknown,2017-3
190704,unknown,2017-3
190705,unknown,2017-3
190706,unknown,2017-3
190707,unknown,2017-3
190708,unknown,2017-3
190709,unknown,2017-3
190710,unknown,2017-3
190711,unknown,2017-3
190712,unknown,2017-3
190713,unknown,2017-3
190714,unknown,2017-3
190715,unknown,2017-3
190717,unknown,2017-3
190718,unknown,2017-3
190719,unknown,2017-3
190721,unknown,2017-3
190722,unknown,2017-3
190723,unknown,2017-3
190725,unknown,2017-3
190726,unknown,2017-3
190728,unknown,2017-3
190729,unknown,2017-3
190731,unknown,2017-3
190732,unknown,2017-3
190733,unknown,2017-3
190734,unknown,2017-3
190736,unknown,2017-3
190738,unknown,2017-3
190739,unknown,2017-3
190740,unknown,2017-3
190741,unknown,2017-3
190742,unknown,2017-3
190744,unknown,2017-3
190745,unknown,2017-3
190746,unknown,2017-3
190747,unknown,2017-3
190748,decreasing,2017-3
190750,unknown,2017-3
190753,unknown,2017-3
190754,unknown,2017-3
190755,unknown,2017-3
190756,unknown,2017-3
190757,unknown,2017-3
190758,unknown,2017-3
190759,unknown,2017-3
190761,unknown,2017-3
190762,stable,2017-3
190765,unknown,2017-3
190766,unknown,2017-3
190767,unknown,2017-3
190768,unknown,2017-3
190769,unknown,2017-3
191108,decreasing,2017-3
191191,stable,2017-3
191206,increasing,2017-3
191210,stable,2017-3
191211,stable,2017-3
191368,stable,2017-3
191822,stable,2017-3
191823,decreasing,2017-3
192258,unknown,2017-3
192269,unknown,2017-3
192271,unknown,2017-3
192276,unknown,2017-3
192296,unknown,2017-3
192297,unknown,2017-3
192298,unknown,2017-3
192304,unknown,2017-3
192305,unknown,2017-3
192316,NA,2017-3
192318,unknown,2017-3
192321,stable,2017-3
192323,unknown,2017-3
192324,unknown,2017-3
192327,unknown,2017-3
192328,unknown,2017-3
192334,unknown,2017-3
192340,unknown,2017-3
192342,unknown,2017-3
192345,unknown,2017-3
192353,unknown,2017-3
192356,unknown,2017-3
192362,unknown,2017-3
192367,unknown,2017-3
192370,unknown,2017-3
192374,unknown,2017-3
192378,unknown,2017-3
192380,unknown,2017-3
192383,unknown,2017-3
192386,unknown,2017-3
192393,unknown,2017-3
192399,unknown,2017-3
192400,unknown,2017-3
192407,unknown,2017-3
192408,unknown,2017-3
192413,unknown,2017-3
192415,unknown,2017-3
192419,unknown,2017-3
192420,unknown,2017-3
192424,unknown,2017-3
192425,unknown,2017-3
192426,unknown,2017-3
192428,unknown,2017-3
192440,unknown,2017-3
192441,unknown,2017-3
192444,unknown,2017-3
192447,unknown,2017-3
192449,unknown,2017-3
192460,unknown,2017-3
192477,unknown,2017-3
192498,unknown,2017-3
192505,unknown,2017-3
192506,NA,2017-3
192507,unknown,2017-3
192512,unknown,2017-3
192521,decreasing,2017-3
192525,unknown,2017-3
192532,unknown,2017-3
192538,unknown,2017-3
192549,unknown,2017-3
192553,unknown,2017-3
192554,unknown,2017-3
192562,unknown,2017-3
192563,unknown,2017-3
192564,unknown,2017-3
192566,unknown,2017-3
192567,unknown,2017-3
192573,unknown,2017-3
192578,unknown,2017-3
192579,unknown,2017-3
192580,unknown,2017-3
192586,unknown,2017-3
192587,unknown,2017-3
192589,unknown,2017-3
192590,unknown,2017-3
192593,unknown,2017-3
192599,unknown,2017-3
192611,unknown,2017-3
192612,unknown,2017-3
192614,NA,2017-3
192616,unknown,2017-3
192624,unknown,2017-3
192629,unknown,2017-3
192633,unknown,2017-3
192634,unknown,2017-3
192636,unknown,2017-3
192637,unknown,2017-3
192640,unknown,2017-3
192641,unknown,2017-3
192647,unknown,2017-3
192648,unknown,2017-3
192654,unknown,2017-3
192664,unknown,2017-3
192667,unknown,2017-3
192674,stable,2017-3
192681,unknown,2017-3
192683,unknown,2017-3
192686,unknown,2017-3
192691,unknown,2017-3
192692,unknown,2017-3
192693,unknown,2017-3
192694,unknown,2017-3
192696,NA,2017-3
192697,unknown,2017-3
192699,unknown,2017-3
192700,unknown,2017-3
192701,unknown,2017-3
192704,unknown,2017-3
192707,unknown,2017-3
192708,unknown,2017-3
192712,unknown,2017-3
192714,unknown,2017-3
192716,unknown,2017-3
192719,unknown,2017-3
192722,unknown,2017-3
192727,unknown,2017-3
192728,unknown,2017-3
192729,unknown,2017-3
192730,unknown,2017-3
192732,unknown,2017-3
192737,unknown,2017-3
192743,stable,2017-3
192754,unknown,2017-3
192764,unknown,2017-3
192772,unknown,2017-3
192778,unknown,2017-3
192786,unknown,2017-3
192789,unknown,2017-3
192793,unknown,2017-3
192796,unknown,2017-3
192798,unknown,2017-3
192809,unknown,2017-3
192811,unknown,2017-3
192812,unknown,2017-3
192815,unknown,2017-3
192819,unknown,2017-3
192820,unknown,2017-3
192822,unknown,2017-3
192829,unknown,2017-3
192831,unknown,2017-3
192837,NA,2017-3
192843,unknown,2017-3
192844,unknown,2017-3
192847,unknown,2017-3
192848,unknown,2017-3
192849,unknown,2017-3
192853,unknown,2017-3
192859,unknown,2017-3
192869,unknown,2017-3
192870,unknown,2017-3
192871,unknown,2017-3
192873,unknown,2017-3
192878,NA,2017-3
192879,unknown,2017-3
192929,stable,2017-3
192942,unknown,2017-3
192943,stable,2017-3
192948,unknown,2017-3
193092,stable,2017-3
193318,unknown,2017-3
194299,decreasing,2017-3
194812,unknown,2017-3
194815,stable,2017-3
194816,unknown,2017-3
194818,unknown,2017-3
194821,unknown,2017-3
194838,unknown,2017-3
194844,stable,2017-3
194846,unknown,2017-3
194853,unknown,2017-3
194854,unknown,2017-3
194855,stable,2017-3
194856,unknown,2017-3
194857,unknown,2017-3
194862,unknown,2017-3
194871,unknown,2017-3
194872,unknown,2017-3
194873,stable,2017-3
194874,unknown,2017-3
194875,unknown,2017-3
194877,stable,2017-3
194879,stable,2017-3
194881,stable,2017-3
194882,stable,2017-3
194884,stable,2017-3
194887,stable,2017-3
194893,stable,2017-3
194896,stable,2017-3
194902,unknown,2017-3
194960,stable,2017-3
195409,unknown,2017-3
195422,unknown,2017-3
195425,unknown,2017-3
195427,unknown,2017-3
195429,stable,2017-3
195431,unknown,2017-3
195433,unknown,2017-3
195434,unknown,2017-3
195435,unknown,2017-3
195444,unknown,2017-3
195445,unknown,2017-3
195448,stable,2017-3
195449,unknown,2017-3
195451,unknown,2017-3
195453,unknown,2017-3
195455,unknown,2017-3
195456,decreasing,2017-3
195458,unknown,2017-3
195459,decreasing,2017-3
195460,unknown,2017-3
195462,unknown,2017-3
195464,unknown,2017-3
195465,unknown,2017-3
195468,unknown,2017-3
195470,unknown,2017-3
195472,unknown,2017-3
195473,unknown,2017-3
195477,unknown,2017-3
195487,stable,2017-3
195503,unknown,2017-3
195780,unknown,2017-3
196012,unknown,2017-3
196013,unknown,2017-3
196016,decreasing,2017-3
196017,unknown,2017-3
196018,unknown,2017-3
196022,unknown,2017-3
196025,unknown,2017-3
196026,unknown,2017-3
196030,unknown,2017-3
196033,unknown,2017-3
196034,unknown,2017-3
196036,unknown,2017-3
196039,unknown,2017-3
196041,unknown,2017-3
196043,unknown,2017-3
196049,unknown,2017-3
196050,unknown,2017-3
196051,unknown,2017-3
196052,unknown,2017-3
196054,unknown,2017-3
196056,decreasing,2017-3
196057,unknown,2017-3
196058,unknown,2017-3
196060,unknown,2017-3
196061,unknown,2017-3
196064,unknown,2017-3
196065,unknown,2017-3
196069,unknown,2017-3
196072,unknown,2017-3
196080,unknown,2017-3
196085,unknown,2017-3
196086,unknown,2017-3
196091,unknown,2017-3
196313,stable,2017-3
196315,stable,2017-3
196317,stable,2017-3
196327,unknown,2017-3
196339,unknown,2017-3
196343,unknown,2017-3
196344,unknown,2017-3
196345,unknown,2017-3
196351,stable,2017-3
196371,stable,2017-3
196382,unknown,2017-3
196396,stable,2017-3
196408,stable,2017-3
196410,unknown,2017-3
196412,unknown,2017-3
196417,unknown,2017-3
196421,unknown,2017-3
196422,unknown,2017-3
196426,unknown,2017-3
196436,unknown,2017-3
196447,unknown,2017-3
196448,unknown,2017-3
196450,unknown,2017-3
197047,unknown,2017-3
197054,unknown,2017-3
198775,unknown,2017-3
198920,decreasing,2017-3
198921,decreasing,2017-3
199622,stable,2017-3
199624,stable,2017-3
199932,unknown,2017-3
200715,decreasing,2017-3
201946,decreasing,2017-3
201947,increasing,2017-3
201948,unknown,2017-3
202053,unknown,2017-3
202405,stable,2017-3
202406,stable,2017-3
202413,unknown,2017-3
202415,unknown,2017-3
202625,unknown,2017-3
202632,decreasing,2017-3
202833,stable,2017-3
14134429,unknown,2017-3
18584848,decreasing,2017-3
19014407,stable,2017-3
22680033,stable,2017-3
22680038,decreasing,2017-3
22680047,stable,2017-3
22680052,decreasing,2017-3
22680405,unknown,2017-3
22680409,decreasing,2017-3
22680412,decreasing,2017-3
22680415,decreasing,2017-3
22680423,increasing,2017-3
22680427,decreasing,2017-3
22680441,decreasing,2017-3
22680455,stable,2017-3
22680459,increasing,2017-3
22680462,increasing,2017-3
22680485,stable,2017-3
22693363,decreasing,2017-3
22693369,unknown,2017-3
22693427,decreasing,2017-3
22693490,decreasing,2017-3
22693735,decreasing,2017-3
22693749,decreasing,2017-3
22694160,stable,2017-3
22694210,stable,2017-3
22694218,stable,2017-3
22694240,stable,2017-3
22694245,stable,2017-3
22694251,stable,2017-3
22694271,stable,2017-3
22694279,stable,2017-3
22694282,increasing,2017-3
22694286,stable,2017-3
22694289,stable,2017-3
22694296,unknown,2017-3
22694308,unknown,2017-3
22694317,increasing,2017-3
22694321,decreasing,2017-3
22694324,unknown,2017-3
22694329,increasing,2017-3
22694334,increasing,2017-3
22694337,increasing,2017-3
22694340,stable,2017-3
22694343,stable,2017-3
22694346,stable,2017-3
22694362,unknown,2017-3
22694373,increasing,2017-3
22694469,increasing,2017-3
22694473,decreasing,2017-3
22694476,unknown,2017-3
22694479,stable,2017-3
22694497,decreasing,2017-3
22694502,decreasing,2017-3
22694524,increasing,2017-3
22694542,stable,2017-3
22694552,stable,2017-3
22694561,stable,2017-3
22694571,stable,2017-3
22694591,stable,2017-3
22694607,decreasing,2017-3
22694612,unknown,2017-3
22694618,decreasing,2017-3
22694623,unknown,2017-3
22694629,decreasing,2017-3
22694635,unknown,2017-3
22694641,stable,2017-3
22694646,increasing,2017-3
22694651,stable,2017-3
22694656,decreasing,2017-3
22694666,decreasing,2017-3
22694673,decreasing,2017-3
22694699,decreasing,2017-3
22694705,decreasing,2017-3
22694716,decreasing,2017-3
22694722,unknown,2017-3
22694730,unknown,2017-3
22694740,unknown,2017-3
22694750,decreasing,2017-3
22694764,stable,2017-3
22694782,stable,2017-3
22694799,stable,2017-3
22694821,stable,2017-3
22694834,decreasing,2017-3
22694837,decreasing,2017-3
22694841,increasing,2017-3
22694847,increasing,2017-3
22694852,decreasing,2017-3
22694861,unknown,2017-3
22694864,stable,2017-3
22694867,decreasing,2017-3
22694870,decreasing,2017-3
22694875,decreasing,2017-3
22694896,decreasing,2017-3
22694899,decreasing,2017-3
22694903,decreasing,2017-3
22694918,decreasing,2017-3
22694924,decreasing,2017-3
22694927,decreasing,2017-3
22694931,decreasing,2017-3
22694934,decreasing,2017-3
22696637,decreasing,2017-3
22696657,increasing,2017-3
22696668,decreasing,2017-3
22696675,increasing,2017-3
22696683,stable,2017-3
22696686,stable,2017-3
22696734,increasing,2017-3
22696753,decreasing,2017-3
22696756,stable,2017-3
22696766,decreasing,2017-3
22696770,unknown,2017-3
22696773,increasing,2017-3
22696776,increasing,2017-3
22696779,unknown,2017-3
22696788,unknown,2017-3
22696792,increasing,2017-3
22696799,unknown,2017-3
22696802,decreasing,2017-3
22696806,decreasing,2017-3
22696883,unknown,2017-3
22696887,decreasing,2017-3
22696894,decreasing,2017-3
22696898,decreasing,2017-3
22696901,unknown,2017-3
22696907,decreasing,2017-3
22697590,unknown,2017-3
22697599,decreasing,2017-3
22697604,decreasing,2017-3
22697608,stable,2017-3
22697611,increasing,2017-3
22697619,increasing,2017-3
22697724,increasing,2017-3
22697733,decreasing,2017-3
22697742,decreasing,2017-3
22697852,increasing,2017-3
22697866,increasing,2017-3
22697970,decreasing,2017-3
22698080,stable,2017-3
22698172,decreasing,2017-3
22698175,decreasing,2017-3
22698226,unknown,2017-3
22698240,decreasing,2017-3
22698305,decreasing,2017-3
22698320,decreasing,2017-3
22698375,increasing,2017-3
22698388,unknown,2017-3
22698398,decreasing,2017-3
22698425,decreasing,2017-3
22698448,decreasing,2017-3
22698511,decreasing,2017-3
22698562,decreasing,2017-3
22724836,decreasing,2017-3
22724879,unknown,2017-3
22728328,stable,2017-3
22728372,decreasing,2017-3
22728950,decreasing,2017-3
22728990,decreasing,2017-3
22729000,decreasing,2017-3
22729421,decreasing,2017-3
22729604,unknown,2017-3
22733989,increasing,2017-3
22735929,increasing,2017-3
22736173,decreasing,2017-3
