cell_id,n_spp_gp,spp_gp,cell_group,n_spp,risk,rr_risk,rr_var,eez_id,lme_id,depth
1062285,37,bli_marine_v2017,alaska,71,0.14929577464788735,0.4627960978342679,0.21104225020222156,163,2,5
1062285,10,chondrichthyes,alaska,71,0.14929577464788735,0.4627960978342679,0.21104225020222156,163,2,5
1062285,18,marine_mammals,alaska,71,0.14929577464788735,0.4627960978342679,0.21104225020222156,163,2,5
1062285,2,reptiles,alaska,71,0.14929577464788735,0.4627960978342679,0.21104225020222156,163,2,5
1062285,2,seacucumbers,alaska,71,0.14929577464788735,0.4627960978342679,0.21104225020222156,163,2,5
1062285,2,seagrasses,alaska,71,0.14929577464788735,0.4627960978342679,0.21104225020222156,163,2,5
1116276,42,bli_marine_v2017,alaska,78,0.14358974358974358,0.4408467997428802,0.20706734088165446,163,2,54
1116276,11,chondrichthyes,alaska,78,0.14358974358974358,0.4408467997428802,0.20706734088165446,163,2,54
1116276,18,marine_mammals,alaska,78,0.14358974358974358,0.4408467997428802,0.20706734088165446,163,2,54
1116276,2,reptiles,alaska,78,0.14358974358974358,0.4408467997428802,0.20706734088165446,163,2,54
1116276,2,seacucumbers,alaska,78,0.14358974358974358,0.4408467997428802,0.20706734088165446,163,2,54
1116276,2,seagrasses,alaska,78,0.14358974358974358,0.4408467997428802,0.20706734088165446,163,2,54
1116276,1,tunas_billfishes,alaska,78,0.14358974358974358,0.4408467997428802,0.20706734088165446,163,2,54
1127083,39,bli_marine_v2017,alaska,74,0.14054054054054055,0.058067870162219405,0.019128857088966295,163,2,109
1127083,11,chondrichthyes,alaska,74,0.14054054054054055,0.058067870162219405,0.019128857088966295,163,2,109
1127083,17,marine_mammals,alaska,74,0.14054054054054055,0.058067870162219405,0.019128857088966295,163,2,109
1127083,2,reptiles,alaska,74,0.14054054054054055,0.058067870162219405,0.019128857088966295,163,2,109
1127083,2,seacucumbers,alaska,74,0.14054054054054055,0.058067870162219405,0.019128857088966295,163,2,109
1127083,2,seagrasses,alaska,74,0.14054054054054055,0.058067870162219405,0.019128857088966295,163,2,109
1127083,1,tunas_billfishes,alaska,74,0.14054054054054055,0.058067870162219405,0.019128857088966295,163,2,109
1632967,8,bli_marine_v2017,black_sea,32,0.09375,0.040754119223019844,0.015433447337877314,75,62,111
1632967,2,chondrichthyes,black_sea,32,0.09375,0.040754119223019844,0.015433447337877314,75,62,111
1632967,5,combtoothblennies,black_sea,32,0.09375,0.040754119223019844,0.015433447337877314,75,62,111
1632967,1,damselfish,black_sea,32,0.09375,0.040754119223019844,0.015433447337877314,75,62,111
1632967,3,marine_mammals,black_sea,32,0.09375,0.040754119223019844,0.015433447337877314,75,62,111
1632967,5,seabreams_porgies,black_sea,32,0.09375,0.040754119223019844,0.015433447337877314,75,62,111
1632967,2,seagrasses,black_sea,32,0.09375,0.040754119223019844,0.015433447337877314,75,62,111
1632967,2,tunas_billfishes,black_sea,32,0.09375,0.040754119223019844,0.015433447337877314,75,62,111
1632967,4,wrasse,black_sea,32,0.09375,0.040754119223019844,0.015433447337877314,75,62,111
1658165,1,bli_marine_v2017,black_sea,6,0.3666666666666667,0.38546712917999487,0.04842430734263237,73,62,3e3
1658165,1,chondrichthyes,black_sea,6,0.3666666666666667,0.38546712917999487,0.04842430734263237,73,62,3e3
1658165,2,marine_mammals,black_sea,6,0.3666666666666667,0.38546712917999487,0.04842430734263237,73,62,3e3
1658165,2,tunas_billfishes,black_sea,6,0.3666666666666667,0.38546712917999487,0.04842430734263237,73,62,3e3
3145557,12,angelfish,e_indian_ocean,992,0.11995967741935486,0.09687769477813929,0.029261839955748797,216,34,20
3145557,19,bli_marine_v2017,e_indian_ocean,992,0.11995967741935486,0.09687769477813929,0.029261839955748797,216,34,20
3145557,31,butterflyfish,e_indian_ocean,992,0.11995967741935486,0.09687769477813929,0.029261839955748797,216,34,20
3145557,47,chondrichthyes,e_indian_ocean,992,0.11995967741935486,0.09687769477813929,0.029261839955748797,216,34,20
3145557,34,combtoothblennies,e_indian_ocean,992,0.11995967741935486,0.09687769477813929,0.029261839955748797,216,34,20
3145557,79,conus,e_indian_ocean,992,0.11995967741935486,0.09687769477813929,0.029261839955748797,216,34,20
3145557,186,corals_part_1,e_indian_ocean,992,0.11995967741935486,0.09687769477813929,0.029261839955748797,216,34,20
3145557,293,corals_part_2,e_indian_ocean,992,0.11995967741935486,0.09687769477813929,0.029261839955748797,216,34,20
3145557,9,corals_part_3,e_indian_ocean,992,0.11995967741935486,0.09687769477813929,0.029261839955748797,216,34,20
3145557,13,damselfish,e_indian_ocean,992,0.11995967741935486,0.09687769477813929,0.029261839955748797,216,34,20
3145557,24,groupers,e_indian_ocean,992,0.11995967741935486,0.09687769477813929,0.029261839955748797,216,34,20
3145557,9,lobsters,e_indian_ocean,992,0.11995967741935486,0.09687769477813929,0.029261839955748797,216,34,20
3145557,28,mangroves,e_indian_ocean,992,0.11995967741935486,0.09687769477813929,0.029261839955748797,216,34,20
3145557,13,marine_mammals,e_indian_ocean,992,0.11995967741935486,0.09687769477813929,0.029261839955748797,216,34,20
3145557,26,pufferfish,e_indian_ocean,992,0.11995967741935486,0.09687769477813929,0.029261839955748797,216,34,20
3145557,6,reptiles,e_indian_ocean,992,0.11995967741935486,0.09687769477813929,0.029261839955748797,216,34,20
3145557,3,seabreams_porgies,e_indian_ocean,992,0.11995967741935486,0.09687769477813929,0.029261839955748797,216,34,20
3145557,27,seacucumbers,e_indian_ocean,992,0.11995967741935486,0.09687769477813929,0.029261839955748797,216,34,20
3145557,9,seagrasses,e_indian_ocean,992,0.11995967741935486,0.09687769477813929,0.029261839955748797,216,34,20
3145557,9,seasnakes,e_indian_ocean,992,0.11995967741935486,0.09687769477813929,0.029261839955748797,216,34,20
3145557,33,surgeonfish_tangs_unicornfish,e_indian_ocean,992,0.11995967741935486,0.09687769477813929,0.029261839955748797,216,34,20
3145557,14,tunas_billfishes,e_indian_ocean,992,0.11995967741935486,0.09687769477813929,0.029261839955748797,216,34,20
3145557,68,wrasse,e_indian_ocean,992,0.11995967741935486,0.09687769477813929,0.029261839955748797,216,34,20
3152735,15,bli_marine_v2017,e_indian_ocean,56,0.20714285714285716,0.5047777061919219,0.12942423945621528,216,34,5e3
3152735,15,chondrichthyes,e_indian_ocean,56,0.20714285714285716,0.5047777061919219,0.12942423945621528,216,34,5e3
3152735,12,marine_mammals,e_indian_ocean,56,0.20714285714285716,0.5047777061919219,0.12942423945621528,216,34,5e3
3152735,1,pufferfish,e_indian_ocean,56,0.20714285714285716,0.5047777061919219,0.12942423945621528,216,34,5e3
3152735,4,reptiles,e_indian_ocean,56,0.20714285714285716,0.5047777061919219,0.12942423945621528,216,34,5e3
3152735,9,tunas_billfishes,e_indian_ocean,56,0.20714285714285716,0.5047777061919219,0.12942423945621528,216,34,5e3
3152756,13,bli_marine_v2017,e_indian_ocean,84,0.18333333333333335,0.23827275064851783,0.07478735104703457,216,34,2e3
3152756,29,chondrichthyes,e_indian_ocean,84,0.18333333333333335,0.23827275064851783,0.07478735104703457,216,34,2e3
3152756,3,groupers,e_indian_ocean,84,0.18333333333333335,0.23827275064851783,0.07478735104703457,216,34,2e3
3152756,1,lobsters,e_indian_ocean,84,0.18333333333333335,0.23827275064851783,0.07478735104703457,216,34,2e3
3152756,12,marine_mammals,e_indian_ocean,84,0.18333333333333335,0.23827275064851783,0.07478735104703457,216,34,2e3
3152756,5,pufferfish,e_indian_ocean,84,0.18333333333333335,0.23827275064851783,0.07478735104703457,216,34,2e3
3152756,5,reptiles,e_indian_ocean,84,0.18333333333333335,0.23827275064851783,0.07478735104703457,216,34,2e3
3152756,2,seacucumbers,e_indian_ocean,84,0.18333333333333335,0.23827275064851783,0.07478735104703457,216,34,2e3
3152756,14,tunas_billfishes,e_indian_ocean,84,0.18333333333333335,0.23827275064851783,0.07478735104703457,216,34,2e3
3170683,14,bli_marine_v2017,e_indian_ocean,54,0.20370370370370375,0.4268100202566015,0.1241421418410692,270,NA,5e3
3170683,15,chondrichthyes,e_indian_ocean,54,0.20370370370370375,0.4268100202566015,0.1241421418410692,270,NA,5e3
3170683,12,marine_mammals,e_indian_ocean,54,0.20370370370370375,0.4268100202566015,0.1241421418410692,270,NA,5e3
3170683,1,pufferfish,e_indian_ocean,54,0.20370370370370375,0.4268100202566015,0.1241421418410692,270,NA,5e3
3170683,3,reptiles,e_indian_ocean,54,0.20370370370370375,0.4268100202566015,0.1241421418410692,270,NA,5e3
3170683,9,tunas_billfishes,e_indian_ocean,54,0.20370370370370375,0.4268100202566015,0.1241421418410692,270,NA,5e3
941395,15,bli_marine_v2017,faeroe,29,0.26896551724137935,0.41415974885892376,0.15533004591791544,141,21,3e3
941395,1,chondrichthyes,faeroe,29,0.26896551724137935,0.41415974885892376,0.15533004591791544,141,21,3e3
941395,11,marine_mammals,faeroe,29,0.26896551724137935,0.41415974885892376,0.15533004591791544,141,21,3e3
941395,2,tunas_billfishes,faeroe,29,0.26896551724137935,0.41415974885892376,0.15533004591791544,141,21,3e3
962997,15,bli_marine_v2017,faeroe,32,0.26875,0.3849339901169488,0.15477177471662024,180,21,2e3
962997,4,chondrichthyes,faeroe,32,0.26875,0.3849339901169488,0.15477177471662024,180,21,2e3
962997,11,marine_mammals,faeroe,32,0.26875,0.3849339901169488,0.15477177471662024,180,21,2e3
962997,2,tunas_billfishes,faeroe,32,0.26875,0.3849339901169488,0.15477177471662024,180,21,2e3
1009795,16,bli_marine_v2017,faeroe,42,0.23809523809523808,0.24655001665903434,0.11458298058003012,180,22,1e3
1009795,7,chondrichthyes,faeroe,42,0.23809523809523808,0.24655001665903434,0.11458298058003012,180,22,1e3
1009795,1,lobsters,faeroe,42,0.23809523809523808,0.24655001665903434,0.11458298058003012,180,22,1e3
1009795,15,marine_mammals,faeroe,42,0.23809523809523808,0.24655001665903434,0.11458298058003012,180,22,1e3
1009795,3,tunas_billfishes,faeroe,42,0.23809523809523808,0.24655001665903434,0.11458298058003012,180,22,1e3
1045794,28,bli_marine_v2017,faeroe,80,0.18250000000000002,0.12046566967489226,0.04341445297764297,180,22,100
1045794,20,chondrichthyes,faeroe,80,0.18250000000000002,0.12046566967489226,0.04341445297764297,180,22,100
1045794,2,lobsters,faeroe,80,0.18250000000000002,0.12046566967489226,0.04341445297764297,180,22,100
1045794,17,marine_mammals,faeroe,80,0.18250000000000002,0.12046566967489226,0.04341445297764297,180,22,100
1045794,3,seabreams_porgies,faeroe,80,0.18250000000000002,0.12046566967489226,0.04341445297764297,180,22,100
1045794,2,seacucumbers,faeroe,80,0.18250000000000002,0.12046566967489226,0.04341445297764297,180,22,100
1045794,2,seagrasses,faeroe,80,0.18250000000000002,0.12046566967489226,0.04341445297764297,180,22,100
1045794,3,tunas_billfishes,faeroe,80,0.18250000000000002,0.12046566967489226,0.04341445297764297,180,22,100
1045794,3,wrasse,faeroe,80,0.18250000000000002,0.12046566967489226,0.04341445297764297,180,22,100
3877173,17,angelfish,fiji,919,0.09162132752992383,0.039068482171441946,0.015942043768137695,18,NA,7
3877173,43,bli_marine_v2017,fiji,919,0.09162132752992383,0.039068482171441946,0.015942043768137695,18,NA,7
3877173,31,butterflyfish,fiji,919,0.09162132752992383,0.039068482171441946,0.015942043768137695,18,NA,7
3877173,24,chondrichthyes,fiji,919,0.09162132752992383,0.039068482171441946,0.015942043768137695,18,NA,7
3877173,53,combtoothblennies,fiji,919,0.09162132752992383,0.039068482171441946,0.015942043768137695,18,NA,7
3877173,78,conus,fiji,919,0.09162132752992383,0.039068482171441946,0.015942043768137695,18,NA,7
3877173,151,corals_part_1,fiji,919,0.09162132752992383,0.039068482171441946,0.015942043768137695,18,NA,7
3877173,239,corals_part_2,fiji,919,0.09162132752992383,0.039068482171441946,0.015942043768137695,18,NA,7
3877173,7,corals_part_3,fiji,919,0.09162132752992383,0.039068482171441946,0.015942043768137695,18,NA,7
3877173,14,damselfish,fiji,919,0.09162132752992383,0.039068482171441946,0.015942043768137695,18,NA,7
3877173,34,groupers,fiji,919,0.09162132752992383,0.039068482171441946,0.015942043768137695,18,NA,7
3877173,10,lobsters,fiji,919,0.09162132752992383,0.039068482171441946,0.015942043768137695,18,NA,7
3877173,8,mangroves,fiji,919,0.09162132752992383,0.039068482171441946,0.015942043768137695,18,NA,7
3877173,13,marine_mammals,fiji,919,0.09162132752992383,0.039068482171441946,0.015942043768137695,18,NA,7
3877173,17,pufferfish,fiji,919,0.09162132752992383,0.039068482171441946,0.015942043768137695,18,NA,7
3877173,5,reptiles,fiji,919,0.09162132752992383,0.039068482171441946,0.015942043768137695,18,NA,7
3877173,28,seacucumbers,fiji,919,0.09162132752992383,0.039068482171441946,0.015942043768137695,18,NA,7
3877173,6,seagrasses,fiji,919,0.09162132752992383,0.039068482171441946,0.015942043768137695,18,NA,7
3877173,3,seasnakes,fiji,919,0.09162132752992383,0.039068482171441946,0.015942043768137695,18,NA,7
3877173,35,surgeonfish_tangs_unicornfish,fiji,919,0.09162132752992383,0.039068482171441946,0.015942043768137695,18,NA,7
3877173,9,tunas_billfishes,fiji,919,0.09162132752992383,0.039068482171441946,0.015942043768137695,18,NA,7
3877173,94,wrasse,fiji,919,0.09162132752992383,0.039068482171441946,0.015942043768137695,18,NA,7
3880763,38,bli_marine_v2017,fiji,99,0.19595959595959594,0.16535337416044943,0.035019030333840406,18,NA,3e3
3880763,21,chondrichthyes,fiji,99,0.19595959595959594,0.16535337416044943,0.035019030333840406,18,NA,3e3
3880763,7,groupers,fiji,99,0.19595959595959594,0.16535337416044943,0.035019030333840406,18,NA,3e3
3880763,2,lobsters,fiji,99,0.19595959595959594,0.16535337416044943,0.035019030333840406,18,NA,3e3
3880763,13,marine_mammals,fiji,99,0.19595959595959594,0.16535337416044943,0.035019030333840406,18,NA,3e3
3880763,3,pufferfish,fiji,99,0.19595959595959594,0.16535337416044943,0.035019030333840406,18,NA,3e3
3880763,4,reptiles,fiji,99,0.19595959595959594,0.16535337416044943,0.035019030333840406,18,NA,3e3
3880763,2,seacucumbers,fiji,99,0.19595959595959594,0.16535337416044943,0.035019030333840406,18,NA,3e3
3880763,9,tunas_billfishes,fiji,99,0.19595959595959594,0.16535337416044943,0.035019030333840406,18,NA,3e3
3884370,39,bli_marine_v2017,fiji,102,0.19803921568627453,0.5917948879493042,0.19978835349192914,18,NA,2e3
3884370,22,chondrichthyes,fiji,102,0.19803921568627453,0.5917948879493042,0.19978835349192914,18,NA,2e3
3884370,7,groupers,fiji,102,0.19803921568627453,0.5917948879493042,0.19978835349192914,18,NA,2e3
3884370,2,lobsters,fiji,102,0.19803921568627453,0.5917948879493042,0.19978835349192914,18,NA,2e3
3884370,13,marine_mammals,fiji,102,0.19803921568627453,0.5917948879493042,0.19978835349192914,18,NA,2e3
3884370,3,pufferfish,fiji,102,0.19803921568627453,0.5917948879493042,0.19978835349192914,18,NA,2e3
3884370,5,reptiles,fiji,102,0.19803921568627453,0.5917948879493042,0.19978835349192914,18,NA,2e3
3884370,2,seacucumbers,fiji,102,0.19803921568627453,0.5917948879493042,0.19978835349192914,18,NA,2e3
3884370,9,tunas_billfishes,fiji,102,0.19803921568627453,0.5917948879493042,0.19978835349192914,18,NA,2e3
3248104,30,bli_marine_v2017,galapagos,90,0.2111111111111111,0.4905160753708629,0.0763191572659026,137,NA,2e3
3248104,24,chondrichthyes,galapagos,90,0.2111111111111111,0.4905160753708629,0.0763191572659026,137,NA,2e3
3248104,16,marine_mammals,galapagos,90,0.2111111111111111,0.4905160753708629,0.0763191572659026,137,NA,2e3
3248104,1,pufferfish,galapagos,90,0.2111111111111111,0.4905160753708629,0.0763191572659026,137,NA,2e3
3248104,5,reptiles,galapagos,90,0.2111111111111111,0.4905160753708629,0.0763191572659026,137,NA,2e3
3248104,1,seacucumbers,galapagos,90,0.2111111111111111,0.4905160753708629,0.0763191572659026,137,NA,2e3
3248104,13,tunas_billfishes,galapagos,90,0.2111111111111111,0.4905160753708629,0.0763191572659026,137,NA,2e3
3273298,2,angelfish,galapagos,251,0.12669322709163347,0.3001707245882781,0.04665897664341105,137,NA,197
3273298,32,bli_marine_v2017,galapagos,251,0.12669322709163347,0.3001707245882781,0.04665897664341105,137,NA,197
3273298,1,bonefish_tarpons,galapagos,251,0.12669322709163347,0.3001707245882781,0.04665897664341105,137,NA,197
3273298,8,butterflyfish,galapagos,251,0.12669322709163347,0.3001707245882781,0.04665897664341105,137,NA,197
3273298,35,chondrichthyes,galapagos,251,0.12669322709163347,0.3001707245882781,0.04665897664341105,137,NA,197
3273298,18,combtoothblennies,galapagos,251,0.12669322709163347,0.3001707245882781,0.04665897664341105,137,NA,197
3273298,19,conus,galapagos,251,0.12669322709163347,0.3001707245882781,0.04665897664341105,137,NA,197
3273298,8,corals_part_1,galapagos,251,0.12669322709163347,0.3001707245882781,0.04665897664341105,137,NA,197
3273298,14,corals_part_2,galapagos,251,0.12669322709163347,0.3001707245882781,0.04665897664341105,137,NA,197
3273298,12,damselfish,galapagos,251,0.12669322709163347,0.3001707245882781,0.04665897664341105,137,NA,197
3273298,9,groupers,galapagos,251,0.12669322709163347,0.3001707245882781,0.04665897664341105,137,NA,197
3273298,1,lobsters,galapagos,251,0.12669322709163347,0.3001707245882781,0.04665897664341105,137,NA,197
3273298,16,marine_mammals,galapagos,251,0.12669322709163347,0.3001707245882781,0.04665897664341105,137,NA,197
3273298,10,pufferfish,galapagos,251,0.12669322709163347,0.3001707245882781,0.04665897664341105,137,NA,197
3273298,6,reptiles,galapagos,251,0.12669322709163347,0.3001707245882781,0.04665897664341105,137,NA,197
3273298,2,seabreams_porgies,galapagos,251,0.12669322709163347,0.3001707245882781,0.04665897664341105,137,NA,197
3273298,15,seacucumbers,galapagos,251,0.12669322709163347,0.3001707245882781,0.04665897664341105,137,NA,197
3273298,7,surgeonfish_tangs_unicornfish,galapagos,251,0.12669322709163347,0.3001707245882781,0.04665897664341105,137,NA,197
3273298,14,tunas_billfishes,galapagos,251,0.12669322709163347,0.3001707245882781,0.04665897664341105,137,NA,197
3273298,22,wrasse,galapagos,251,0.12669322709163347,0.3001707245882781,0.04665897664341105,137,NA,197
3284111,30,bli_marine_v2017,galapagos,88,0.19772727272727275,0.001220059550874106,0.04525826587195867,137,NA,1e3
3284111,23,chondrichthyes,galapagos,88,0.19772727272727275,0.001220059550874106,0.04525826587195867,137,NA,1e3
3284111,1,hagfish,galapagos,88,0.19772727272727275,0.001220059550874106,0.04525826587195867,137,NA,1e3
3284111,14,marine_mammals,galapagos,88,0.19772727272727275,0.001220059550874106,0.04525826587195867,137,NA,1e3
3284111,1,pufferfish,galapagos,88,0.19772727272727275,0.001220059550874106,0.04525826587195867,137,NA,1e3
3284111,5,reptiles,galapagos,88,0.19772727272727275,0.001220059550874106,0.04525826587195867,137,NA,1e3
3284111,1,seacucumbers,galapagos,88,0.19772727272727275,0.001220059550874106,0.04525826587195867,137,NA,1e3
3284111,13,tunas_billfishes,galapagos,88,0.19772727272727275,0.001220059550874106,0.04525826587195867,137,NA,1e3
3330885,26,bli_marine_v2017,galapagos,74,0.21081081081081082,0.3700451766173809,0.15591627685508574,137,NA,4e3
3330885,15,chondrichthyes,galapagos,74,0.21081081081081082,0.3700451766173809,0.15591627685508574,137,NA,4e3
3330885,14,marine_mammals,galapagos,74,0.21081081081081082,0.3700451766173809,0.15591627685508574,137,NA,4e3
3330885,1,pufferfish,galapagos,74,0.21081081081081082,0.3700451766173809,0.15591627685508574,137,NA,4e3
3330885,5,reptiles,galapagos,74,0.21081081081081082,0.3700451766173809,0.15591627685508574,137,NA,4e3
3330885,13,tunas_billfishes,galapagos,74,0.21081081081081082,0.3700451766173809,0.15591627685508574,137,NA,4e3
1909858,12,bli_marine_v2017,med_a,89,0.3280898876404495,0.37091154979786034,0.12874385010301753,84,26,1e3
1909858,43,chondrichthyes,med_a,89,0.3280898876404495,0.37091154979786034,0.12874385010301753,84,26,1e3
1909858,1,groupers,med_a,89,0.3280898876404495,0.37091154979786034,0.12874385010301753,84,26,1e3
1909858,1,hagfish,med_a,89,0.3280898876404495,0.37091154979786034,0.12874385010301753,84,26,1e3
1909858,2,lobsters,med_a,89,0.3280898876404495,0.37091154979786034,0.12874385010301753,84,26,1e3
1909858,9,marine_mammals,med_a,89,0.3280898876404495,0.37091154979786034,0.12874385010301753,84,26,1e3
1909858,2,pufferfish,med_a,89,0.3280898876404495,0.37091154979786034,0.12874385010301753,84,26,1e3
1909858,5,reptiles,med_a,89,0.3280898876404495,0.37091154979786034,0.12874385010301753,84,26,1e3
1909858,1,seacucumbers,med_a,89,0.3280898876404495,0.37091154979786034,0.12874385010301753,84,26,1e3
1909858,12,tunas_billfishes,med_a,89,0.3280898876404495,0.37091154979786034,0.12874385010301753,84,26,1e3
1909858,1,wrasse,med_a,89,0.3280898876404495,0.37091154979786034,0.12874385010301753,84,26,1e3
1927804,13,bli_marine_v2017,med_a,90,0.3155555555555556,0.2837123839996665,0.10554051322444016,84,26,2e3
1927804,42,chondrichthyes,med_a,90,0.3155555555555556,0.2837123839996665,0.10554051322444016,84,26,2e3
1927804,1,groupers,med_a,90,0.3155555555555556,0.2837123839996665,0.10554051322444016,84,26,2e3
1927804,1,hagfish,med_a,90,0.3155555555555556,0.2837123839996665,0.10554051322444016,84,26,2e3
1927804,2,lobsters,med_a,90,0.3155555555555556,0.2837123839996665,0.10554051322444016,84,26,2e3
1927804,9,marine_mammals,med_a,90,0.3155555555555556,0.2837123839996665,0.10554051322444016,84,26,2e3
1927804,2,pufferfish,med_a,90,0.3155555555555556,0.2837123839996665,0.10554051322444016,84,26,2e3
1927804,5,reptiles,med_a,90,0.3155555555555556,0.2837123839996665,0.10554051322444016,84,26,2e3
1927804,1,seacucumbers,med_a,90,0.3155555555555556,0.2837123839996665,0.10554051322444016,84,26,2e3
1927804,13,tunas_billfishes,med_a,90,0.3155555555555556,0.2837123839996665,0.10554051322444016,84,26,2e3
1927804,1,wrasse,med_a,90,0.3155555555555556,0.2837123839996665,0.10554051322444016,84,26,2e3
1873899,9,bli_marine_v2017,med_b,83,0.3445783132530121,0.3885466987720871,0.13160940656296624,61,26,1e3
1873899,40,chondrichthyes,med_b,83,0.3445783132530121,0.3885466987720871,0.13160940656296624,61,26,1e3
1873899,1,groupers,med_b,83,0.3445783132530121,0.3885466987720871,0.13160940656296624,61,26,1e3
1873899,1,hagfish,med_b,83,0.3445783132530121,0.3885466987720871,0.13160940656296624,61,26,1e3
1873899,3,lobsters,med_b,83,0.3445783132530121,0.3885466987720871,0.13160940656296624,61,26,1e3
1873899,9,marine_mammals,med_b,83,0.3445783132530121,0.3885466987720871,0.13160940656296624,61,26,1e3
1873899,2,pufferfish,med_b,83,0.3445783132530121,0.3885466987720871,0.13160940656296624,61,26,1e3
1873899,5,reptiles,med_b,83,0.3445783132530121,0.3885466987720871,0.13160940656296624,61,26,1e3
1873899,1,seacucumbers,med_b,83,0.3445783132530121,0.3885466987720871,0.13160940656296624,61,26,1e3
1873899,11,tunas_billfishes,med_b,83,0.3445783132530121,0.3885466987720871,0.13160940656296624,61,26,1e3
1873899,1,wrasse,med_b,83,0.3445783132530121,0.3885466987720871,0.13160940656296624,61,26,1e3
1891894,20,bli_marine_v2017,med_b,185,0.1989189189189189,0.11263291587706238,0.056256158018866215,61,26,89
1891894,59,chondrichthyes,med_b,185,0.1989189189189189,0.11263291587706238,0.056256158018866215,61,26,89
1891894,12,combtoothblennies,med_b,185,0.1989189189189189,0.11263291587706238,0.056256158018866215,61,26,89
1891894,1,conus,med_b,185,0.1989189189189189,0.11263291587706238,0.056256158018866215,61,26,89
1891894,1,corals_part_1,med_b,185,0.1989189189189189,0.11263291587706238,0.056256158018866215,61,26,89
1891894,2,corals_part_2,med_b,185,0.1989189189189189,0.11263291587706238,0.056256158018866215,61,26,89
1891894,1,damselfish,med_b,185,0.1989189189189189,0.11263291587706238,0.056256158018866215,61,26,89
1891894,4,groupers,med_b,185,0.1989189189189189,0.11263291587706238,0.056256158018866215,61,26,89
1891894,1,hagfish,med_b,185,0.1989189189189189,0.11263291587706238,0.056256158018866215,61,26,89
1891894,4,lobsters,med_b,185,0.1989189189189189,0.11263291587706238,0.056256158018866215,61,26,89
1891894,9,marine_mammals,med_b,185,0.1989189189189189,0.11263291587706238,0.056256158018866215,61,26,89
1891894,2,pufferfish,med_b,185,0.1989189189189189,0.11263291587706238,0.056256158018866215,61,26,89
1891894,5,reptiles,med_b,185,0.1989189189189189,0.11263291587706238,0.056256158018866215,61,26,89
1891894,24,seabreams_porgies,med_b,185,0.1989189189189189,0.11263291587706238,0.056256158018866215,61,26,89
1891894,5,seacucumbers,med_b,185,0.1989189189189189,0.11263291587706238,0.056256158018866215,61,26,89
1891894,4,seagrasses,med_b,185,0.1989189189189189,0.11263291587706238,0.056256158018866215,61,26,89
1891894,12,tunas_billfishes,med_b,185,0.1989189189189189,0.11263291587706238,0.056256158018866215,61,26,89
1891894,19,wrasse,med_b,185,0.1989189189189189,0.11263291587706238,0.056256158018866215,61,26,89
1899096,72,bli_marine_v2017,med_b,77,0.046753246753246755,0.07370312009655355,0.053780878531894616,61,NA,0
1899096,3,reptiles,med_b,77,0.046753246753246755,0.07370312009655355,0.053780878531894616,61,NA,0
1899096,2,seagrasses,med_b,77,0.046753246753246755,0.07370312009655355,0.053780878531894616,61,NA,0
1935136,6,bli_marine_v2017,med_c,73,0.336986301369863,0.3316957031032934,0.1069436868892466,68,26,1e3
1935136,32,chondrichthyes,med_c,73,0.336986301369863,0.3316957031032934,0.1069436868892466,68,26,1e3
1935136,1,groupers,med_c,73,0.336986301369863,0.3316957031032934,0.1069436868892466,68,26,1e3
1935136,3,lobsters,med_c,73,0.336986301369863,0.3316957031032934,0.1069436868892466,68,26,1e3
1935136,9,marine_mammals,med_c,73,0.336986301369863,0.3316957031032934,0.1069436868892466,68,26,1e3
1935136,2,pufferfish,med_c,73,0.336986301369863,0.3316957031032934,0.1069436868892466,68,26,1e3
1935136,5,reptiles,med_c,73,0.336986301369863,0.3316957031032934,0.1069436868892466,68,26,1e3
1935136,1,seacucumbers,med_c,73,0.336986301369863,0.3316957031032934,0.1069436868892466,68,26,1e3
1935136,14,tunas_billfishes,med_c,73,0.336986301369863,0.3316957031032934,0.1069436868892466,68,26,1e3
1942349,10,bli_marine_v2017,med_c,168,0.18095238095238098,0.07390333263729577,0.04039419933615958,68,26,100
1942349,47,chondrichthyes,med_c,168,0.18095238095238098,0.07390333263729577,0.04039419933615958,68,26,100
1942349,15,combtoothblennies,med_c,168,0.18095238095238098,0.07390333263729577,0.04039419933615958,68,26,100
1942349,1,conus,med_c,168,0.18095238095238098,0.07390333263729577,0.04039419933615958,68,26,100
1942349,1,corals_part_1,med_c,168,0.18095238095238098,0.07390333263729577,0.04039419933615958,68,26,100
1942349,1,corals_part_2,med_c,168,0.18095238095238098,0.07390333263729577,0.04039419933615958,68,26,100
1942349,1,damselfish,med_c,168,0.18095238095238098,0.07390333263729577,0.04039419933615958,68,26,100
1942349,4,groupers,med_c,168,0.18095238095238098,0.07390333263729577,0.04039419933615958,68,26,100
1942349,6,lobsters,med_c,168,0.18095238095238098,0.07390333263729577,0.04039419933615958,68,26,100
1942349,9,marine_mammals,med_c,168,0.18095238095238098,0.07390333263729577,0.04039419933615958,68,26,100
1942349,2,pufferfish,med_c,168,0.18095238095238098,0.07390333263729577,0.04039419933615958,68,26,100
1942349,5,reptiles,med_c,168,0.18095238095238098,0.07390333263729577,0.04039419933615958,68,26,100
1942349,23,seabreams_porgies,med_c,168,0.18095238095238098,0.07390333263729577,0.04039419933615958,68,26,100
1942349,7,seacucumbers,med_c,168,0.18095238095238098,0.07390333263729577,0.04039419933615958,68,26,100
1942349,5,seagrasses,med_c,168,0.18095238095238098,0.07390333263729577,0.04039419933615958,68,26,100
1942349,13,tunas_billfishes,med_c,168,0.18095238095238098,0.07390333263729577,0.04039419933615958,68,26,100
1942349,18,wrasse,med_c,168,0.18095238095238098,0.07390333263729577,0.04039419933615958,68,26,100
1949546,23,bli_marine_v2017,med_c,24,0.075,0.11929625557267903,0.03476886208276313,68,NA,0
1949546,1,reptiles,med_c,24,0.075,0.11929625557267903,0.03476886208276313,68,NA,0
1915782,47,bli_marine_v2017,monterey_bay,137,0.12116788321167882,0.05054644137821965,0.017499482083142524,163,3,11
1915782,33,chondrichthyes,monterey_bay,137,0.12116788321167882,0.05054644137821965,0.017499482083142524,163,3,11
1915782,8,combtoothblennies,monterey_bay,137,0.12116788321167882,0.05054644137821965,0.017499482083142524,163,3,11
1915782,1,conus,monterey_bay,137,0.12116788321167882,0.05054644137821965,0.017499482083142524,163,3,11
1915782,2,damselfish,monterey_bay,137,0.12116788321167882,0.05054644137821965,0.017499482083142524,163,3,11
1915782,1,groupers,monterey_bay,137,0.12116788321167882,0.05054644137821965,0.017499482083142524,163,3,11
1915782,22,marine_mammals,monterey_bay,137,0.12116788321167882,0.05054644137821965,0.017499482083142524,163,3,11
1915782,1,pufferfish,monterey_bay,137,0.12116788321167882,0.05054644137821965,0.017499482083142524,163,3,11
1915782,3,reptiles,monterey_bay,137,0.12116788321167882,0.05054644137821965,0.017499482083142524,163,3,11
1915782,3,seacucumbers,monterey_bay,137,0.12116788321167882,0.05054644137821965,0.017499482083142524,163,3,11
1915782,5,seagrasses,monterey_bay,137,0.12116788321167882,0.05054644137821965,0.017499482083142524,163,3,11
1915782,10,tunas_billfishes,monterey_bay,137,0.12116788321167882,0.05054644137821965,0.017499482083142524,163,3,11
1915782,1,wrasse,monterey_bay,137,0.12116788321167882,0.05054644137821965,0.017499482083142524,163,3,11
1919372,27,bli_marine_v2017,monterey_bay,92,0.17173913043478262,0.14903012833698673,0.052534319720007945,163,3,3e3
1919372,24,chondrichthyes,monterey_bay,92,0.17173913043478262,0.14903012833698673,0.052534319720007945,163,3,3e3
1919372,1,hagfish,monterey_bay,92,0.17173913043478262,0.14903012833698673,0.052534319720007945,163,3,3e3
1919372,20,marine_mammals,monterey_bay,92,0.17173913043478262,0.14903012833698673,0.052534319720007945,163,3,3e3
1919372,1,pufferfish,monterey_bay,92,0.17173913043478262,0.14903012833698673,0.052534319720007945,163,3,3e3
1919372,5,reptiles,monterey_bay,92,0.17173913043478262,0.14903012833698673,0.052534319720007945,163,3,3e3
1919372,3,seacucumbers,monterey_bay,92,0.17173913043478262,0.14903012833698673,0.052534319720007945,163,3,3e3
1919372,11,tunas_billfishes,monterey_bay,92,0.17173913043478262,0.14903012833698673,0.052534319720007945,163,3,3e3
1926570,28,bli_marine_v2017,monterey_bay,86,0.18372093023255814,0.21998969537698462,0.06167910003079935,163,3,4e3
1926570,18,chondrichthyes,monterey_bay,86,0.18372093023255814,0.21998969537698462,0.06167910003079935,163,3,4e3
1926570,1,hagfish,monterey_bay,86,0.18372093023255814,0.21998969537698462,0.06167910003079935,163,3,4e3
1926570,19,marine_mammals,monterey_bay,86,0.18372093023255814,0.21998969537698462,0.06167910003079935,163,3,4e3
1926570,1,pufferfish,monterey_bay,86,0.18372093023255814,0.21998969537698462,0.06167910003079935,163,3,4e3
1926570,5,reptiles,monterey_bay,86,0.18372093023255814,0.21998969537698462,0.06167910003079935,163,3,4e3
1926570,3,seacucumbers,monterey_bay,86,0.18372093023255814,0.21998969537698462,0.06167910003079935,163,3,4e3
1926570,11,tunas_billfishes,monterey_bay,86,0.18372093023255814,0.21998969537698462,0.06167910003079935,163,3,4e3
1930166,27,bli_marine_v2017,monterey_bay,71,0.2084507042253521,0.38829163292636093,0.058857213035352324,163,3,4e3
1930166,10,chondrichthyes,monterey_bay,71,0.2084507042253521,0.38829163292636093,0.058857213035352324,163,3,4e3
1930166,18,marine_mammals,monterey_bay,71,0.2084507042253521,0.38829163292636093,0.058857213035352324,163,3,4e3
1930166,1,pufferfish,monterey_bay,71,0.2084507042253521,0.38829163292636093,0.058857213035352324,163,3,4e3
1930166,5,reptiles,monterey_bay,71,0.2084507042253521,0.38829163292636093,0.058857213035352324,163,3,4e3
1930166,10,tunas_billfishes,monterey_bay,71,0.2084507042253521,0.38829163292636093,0.058857213035352324,163,3,4e3
2110256,1,angelfish,n_sea_of_cortez,169,0.1242603550295858,0.24165677669098765,0.1305003620669633,135,4,62
2110256,28,bli_marine_v2017,n_sea_of_cortez,169,0.1242603550295858,0.24165677669098765,0.1305003620669633,135,4,62
2110256,1,bonefish_tarpons,n_sea_of_cortez,169,0.1242603550295858,0.24165677669098765,0.1305003620669633,135,4,62
2110256,48,chondrichthyes,n_sea_of_cortez,169,0.1242603550295858,0.24165677669098765,0.1305003620669633,135,4,62
2110256,15,combtoothblennies,n_sea_of_cortez,169,0.1242603550295858,0.24165677669098765,0.1305003620669633,135,4,62
2110256,9,conus,n_sea_of_cortez,169,0.1242603550295858,0.24165677669098765,0.1305003620669633,135,4,62
2110256,1,corals_part_1,n_sea_of_cortez,169,0.1242603550295858,0.24165677669098765,0.1305003620669633,135,4,62
2110256,2,corals_part_2,n_sea_of_cortez,169,0.1242603550295858,0.24165677669098765,0.1305003620669633,135,4,62
2110256,2,damselfish,n_sea_of_cortez,169,0.1242603550295858,0.24165677669098765,0.1305003620669633,135,4,62
2110256,8,groupers,n_sea_of_cortez,169,0.1242603550295858,0.24165677669098765,0.1305003620669633,135,4,62
2110256,2,lobsters,n_sea_of_cortez,169,0.1242603550295858,0.24165677669098765,0.1305003620669633,135,4,62
2110256,15,marine_mammals,n_sea_of_cortez,169,0.1242603550295858,0.24165677669098765,0.1305003620669633,135,4,62
2110256,4,pufferfish,n_sea_of_cortez,169,0.1242603550295858,0.24165677669098765,0.1305003620669633,135,4,62
2110256,5,reptiles,n_sea_of_cortez,169,0.1242603550295858,0.24165677669098765,0.1305003620669633,135,4,62
2110256,1,seabreams_porgies,n_sea_of_cortez,169,0.1242603550295858,0.24165677669098765,0.1305003620669633,135,4,62
2110256,8,seacucumbers,n_sea_of_cortez,169,0.1242603550295858,0.24165677669098765,0.1305003620669633,135,4,62
2110256,2,seagrasses,n_sea_of_cortez,169,0.1242603550295858,0.24165677669098765,0.1305003620669633,135,4,62
2110256,12,tunas_billfishes,n_sea_of_cortez,169,0.1242603550295858,0.24165677669098765,0.1305003620669633,135,4,62
2110256,5,wrasse,n_sea_of_cortez,169,0.1242603550295858,0.24165677669098765,0.1305003620669633,135,4,62
2124660,1,angelfish,n_sea_of_cortez,165,0.12121212121212122,0.0450650451893482,0.016180379822255335,135,4,96
2124660,26,bli_marine_v2017,n_sea_of_cortez,165,0.12121212121212122,0.0450650451893482,0.016180379822255335,135,4,96
2124660,1,bonefish_tarpons,n_sea_of_cortez,165,0.12121212121212122,0.0450650451893482,0.016180379822255335,135,4,96
2124660,46,chondrichthyes,n_sea_of_cortez,165,0.12121212121212122,0.0450650451893482,0.016180379822255335,135,4,96
2124660,17,combtoothblennies,n_sea_of_cortez,165,0.12121212121212122,0.0450650451893482,0.016180379822255335,135,4,96
2124660,9,conus,n_sea_of_cortez,165,0.12121212121212122,0.0450650451893482,0.016180379822255335,135,4,96
2124660,1,corals_part_1,n_sea_of_cortez,165,0.12121212121212122,0.0450650451893482,0.016180379822255335,135,4,96
2124660,2,corals_part_2,n_sea_of_cortez,165,0.12121212121212122,0.0450650451893482,0.016180379822255335,135,4,96
2124660,2,damselfish,n_sea_of_cortez,165,0.12121212121212122,0.0450650451893482,0.016180379822255335,135,4,96
2124660,8,groupers,n_sea_of_cortez,165,0.12121212121212122,0.0450650451893482,0.016180379822255335,135,4,96
2124660,1,lobsters,n_sea_of_cortez,165,0.12121212121212122,0.0450650451893482,0.016180379822255335,135,4,96
2124660,14,marine_mammals,n_sea_of_cortez,165,0.12121212121212122,0.0450650451893482,0.016180379822255335,135,4,96
2124660,4,pufferfish,n_sea_of_cortez,165,0.12121212121212122,0.0450650451893482,0.016180379822255335,135,4,96
2124660,4,reptiles,n_sea_of_cortez,165,0.12121212121212122,0.0450650451893482,0.016180379822255335,135,4,96
2124660,1,seabreams_porgies,n_sea_of_cortez,165,0.12121212121212122,0.0450650451893482,0.016180379822255335,135,4,96
2124660,8,seacucumbers,n_sea_of_cortez,165,0.12121212121212122,0.0450650451893482,0.016180379822255335,135,4,96
2124660,2,seagrasses,n_sea_of_cortez,165,0.12121212121212122,0.0450650451893482,0.016180379822255335,135,4,96
2124660,12,tunas_billfishes,n_sea_of_cortez,165,0.12121212121212122,0.0450650451893482,0.016180379822255335,135,4,96
2124660,6,wrasse,n_sea_of_cortez,165,0.12121212121212122,0.0450650451893482,0.016180379822255335,135,4,96
3398131,38,bli_marine_v2017,papua_new_guinea,41,0.01951219512195122,0.005895421976655449,0.001427334849669729,17,NA,0
3398131,1,pufferfish,papua_new_guinea,41,0.01951219512195122,0.005895421976655449,0.001427334849669729,17,NA,0
3398131,2,reptiles,papua_new_guinea,41,0.01951219512195122,0.005895421976655449,0.001427334849669729,17,NA,0
3398132,24,angelfish,papua_new_guinea,1114,0.09353680430879713,0.08306934681876502,0.030437644212687326,17,NA,5
3398132,28,bli_marine_v2017,papua_new_guinea,1114,0.09353680430879713,0.08306934681876502,0.030437644212687326,17,NA,5
3398132,1,bonefish_tarpons,papua_new_guinea,1114,0.09353680430879713,0.08306934681876502,0.030437644212687326,17,NA,5
3398132,37,butterflyfish,papua_new_guinea,1114,0.09353680430879713,0.08306934681876502,0.030437644212687326,17,NA,5
3398132,33,chondrichthyes,papua_new_guinea,1114,0.09353680430879713,0.08306934681876502,0.030437644212687326,17,NA,5
3398132,68,combtoothblennies,papua_new_guinea,1114,0.09353680430879713,0.08306934681876502,0.030437644212687326,17,NA,5
3398132,103,conus,papua_new_guinea,1114,0.09353680430879713,0.08306934681876502,0.030437644212687326,17,NA,5
3398132,176,corals_part_1,papua_new_guinea,1114,0.09353680430879713,0.08306934681876502,0.030437644212687326,17,NA,5
3398132,276,corals_part_2,papua_new_guinea,1114,0.09353680430879713,0.08306934681876502,0.030437644212687326,17,NA,5
3398132,7,corals_part_3,papua_new_guinea,1114,0.09353680430879713,0.08306934681876502,0.030437644212687326,17,NA,5
3398132,26,damselfish,papua_new_guinea,1114,0.09353680430879713,0.08306934681876502,0.030437644212687326,17,NA,5
3398132,41,groupers,papua_new_guinea,1114,0.09353680430879713,0.08306934681876502,0.030437644212687326,17,NA,5
3398132,8,lobsters,papua_new_guinea,1114,0.09353680430879713,0.08306934681876502,0.030437644212687326,17,NA,5
3398132,25,mangroves,papua_new_guinea,1114,0.09353680430879713,0.08306934681876502,0.030437644212687326,17,NA,5
3398132,14,marine_mammals,papua_new_guinea,1114,0.09353680430879713,0.08306934681876502,0.030437644212687326,17,NA,5
3398132,27,pufferfish,papua_new_guinea,1114,0.09353680430879713,0.08306934681876502,0.030437644212687326,17,NA,5
3398132,7,reptiles,papua_new_guinea,1114,0.09353680430879713,0.08306934681876502,0.030437644212687326,17,NA,5
3398132,1,seabreams_porgies,papua_new_guinea,1114,0.09353680430879713,0.08306934681876502,0.030437644212687326,17,NA,5
3398132,30,seacucumbers,papua_new_guinea,1114,0.09353680430879713,0.08306934681876502,0.030437644212687326,17,NA,5
3398132,11,seagrasses,papua_new_guinea,1114,0.09353680430879713,0.08306934681876502,0.030437644212687326,17,NA,5
3398132,3,seasnakes,papua_new_guinea,1114,0.09353680430879713,0.08306934681876502,0.030437644212687326,17,NA,5
3398132,36,surgeonfish_tangs_unicornfish,papua_new_guinea,1114,0.09353680430879713,0.08306934681876502,0.030437644212687326,17,NA,5
3398132,12,tunas_billfishes,papua_new_guinea,1114,0.09353680430879713,0.08306934681876502,0.030437644212687326,17,NA,5
3398132,120,wrasse,papua_new_guinea,1114,0.09353680430879713,0.08306934681876502,0.030437644212687326,17,NA,5
3398133,21,bli_marine_v2017,papua_new_guinea,88,0.19545454545454544,0.6425895244050593,0.19825575538317364,17,NA,3e3
3398133,23,chondrichthyes,papua_new_guinea,88,0.19545454545454544,0.6425895244050593,0.19825575538317364,17,NA,3e3
3398133,7,groupers,papua_new_guinea,88,0.19545454545454544,0.6425895244050593,0.19825575538317364,17,NA,3e3
3398133,1,lobsters,papua_new_guinea,88,0.19545454545454544,0.6425895244050593,0.19825575538317364,17,NA,3e3
3398133,13,marine_mammals,papua_new_guinea,88,0.19545454545454544,0.6425895244050593,0.19825575538317364,17,NA,3e3
3398133,4,pufferfish,papua_new_guinea,88,0.19545454545454544,0.6425895244050593,0.19825575538317364,17,NA,3e3
3398133,6,reptiles,papua_new_guinea,88,0.19545454545454544,0.6425895244050593,0.19825575538317364,17,NA,3e3
3398133,2,seacucumbers,papua_new_guinea,88,0.19545454545454544,0.6425895244050593,0.19825575538317364,17,NA,3e3
3398133,11,tunas_billfishes,papua_new_guinea,88,0.19545454545454544,0.6425895244050593,0.19825575538317364,17,NA,3e3
3973169,24,bli_marine_v2017,reunion,83,0.1783132530120482,0.6612693310155061,0.23685282691655662,37,NA,5e3
3973169,20,chondrichthyes,reunion,83,0.1783132530120482,0.6612693310155061,0.23685282691655662,37,NA,5e3
3973169,5,groupers,reunion,83,0.1783132530120482,0.6612693310155061,0.23685282691655662,37,NA,5e3
3973169,2,lobsters,reunion,83,0.1783132530120482,0.6612693310155061,0.23685282691655662,37,NA,5e3
3973169,14,marine_mammals,reunion,83,0.1783132530120482,0.6612693310155061,0.23685282691655662,37,NA,5e3
3973169,1,pufferfish,reunion,83,0.1783132530120482,0.6612693310155061,0.23685282691655662,37,NA,5e3
3973169,4,reptiles,reunion,83,0.1783132530120482,0.6612693310155061,0.23685282691655662,37,NA,5e3
3973169,13,tunas_billfishes,reunion,83,0.1783132530120482,0.6612693310155061,0.23685282691655662,37,NA,5e3
3973171,23,bli_marine_v2017,reunion,82,0.17073170731707318,0.11329469798105361,0.049683870298591074,37,NA,4e3
3973171,20,chondrichthyes,reunion,82,0.17073170731707318,0.11329469798105361,0.049683870298591074,37,NA,4e3
3973171,5,groupers,reunion,82,0.17073170731707318,0.11329469798105361,0.049683870298591074,37,NA,4e3
3973171,2,lobsters,reunion,82,0.17073170731707318,0.11329469798105361,0.049683870298591074,37,NA,4e3
3973171,14,marine_mammals,reunion,82,0.17073170731707318,0.11329469798105361,0.049683870298591074,37,NA,4e3
3973171,1,pufferfish,reunion,82,0.17073170731707318,0.11329469798105361,0.049683870298591074,37,NA,4e3
3973171,4,reptiles,reunion,82,0.17073170731707318,0.11329469798105361,0.049683870298591074,37,NA,4e3
3973171,13,tunas_billfishes,reunion,82,0.17073170731707318,0.11329469798105361,0.049683870298591074,37,NA,4e3
4009158,21,bli_marine_v2017,reunion,24,0.09999999999999999,0.04619259845876287,0.1051493360928672,32,NA,0
4009158,1,bonefish_tarpons,reunion,24,0.09999999999999999,0.04619259845876287,0.1051493360928672,32,NA,0
4009158,2,reptiles,reunion,24,0.09999999999999999,0.04619259845876287,0.1051493360928672,32,NA,0
4012758,21,bli_marine_v2017,reunion,78,0.18461538461538463,0.6765522734328463,0.2378147768193033,32,NA,1e3
4012758,19,chondrichthyes,reunion,78,0.18461538461538463,0.6765522734328463,0.2378147768193033,32,NA,1e3
4012758,4,groupers,reunion,78,0.18461538461538463,0.6765522734328463,0.2378147768193033,32,NA,1e3
4012758,2,lobsters,reunion,78,0.18461538461538463,0.6765522734328463,0.2378147768193033,32,NA,1e3
4012758,14,marine_mammals,reunion,78,0.18461538461538463,0.6765522734328463,0.2378147768193033,32,NA,1e3
4012758,1,pufferfish,reunion,78,0.18461538461538463,0.6765522734328463,0.2378147768193033,32,NA,1e3
4012758,4,reptiles,reunion,78,0.18461538461538463,0.6765522734328463,0.2378147768193033,32,NA,1e3
4012758,13,tunas_billfishes,reunion,78,0.18461538461538463,0.6765522734328463,0.2378147768193033,32,NA,1e3
4827640,50,bli_marine_v2017,se_of_nz,112,0.1660714285714286,0.48684026725358037,0.158717875205108,162,NA,46
4827640,18,chondrichthyes,se_of_nz,112,0.1660714285714286,0.48684026725358037,0.158717875205108,162,NA,46
4827640,16,combtoothblennies,se_of_nz,112,0.1660714285714286,0.48684026725358037,0.158717875205108,162,NA,46
4827640,4,lobsters,se_of_nz,112,0.1660714285714286,0.48684026725358037,0.158717875205108,162,NA,46
4827640,13,marine_mammals,se_of_nz,112,0.1660714285714286,0.48684026725358037,0.158717875205108,162,NA,46
4827640,1,reptiles,se_of_nz,112,0.1660714285714286,0.48684026725358037,0.158717875205108,162,NA,46
4827640,5,tunas_billfishes,se_of_nz,112,0.1660714285714286,0.48684026725358037,0.158717875205108,162,NA,46
4827640,5,wrasse,se_of_nz,112,0.1660714285714286,0.48684026725358037,0.158717875205108,162,NA,46
4838443,47,bli_marine_v2017,se_of_nz,110,0.15636363636363634,0.012995255012796865,0.006015803368871133,162,NA,151
4838443,20,chondrichthyes,se_of_nz,110,0.15636363636363634,0.012995255012796865,0.006015803368871133,162,NA,151
4838443,15,combtoothblennies,se_of_nz,110,0.15636363636363634,0.012995255012796865,0.006015803368871133,162,NA,151
4838443,1,hagfish,se_of_nz,110,0.15636363636363634,0.012995255012796865,0.006015803368871133,162,NA,151
4838443,4,lobsters,se_of_nz,110,0.15636363636363634,0.012995255012796865,0.006015803368871133,162,NA,151
4838443,12,marine_mammals,se_of_nz,110,0.15636363636363634,0.012995255012796865,0.006015803368871133,162,NA,151
4838443,1,reptiles,se_of_nz,110,0.15636363636363634,0.012995255012796865,0.006015803368871133,162,NA,151
4838443,5,tunas_billfishes,se_of_nz,110,0.15636363636363634,0.012995255012796865,0.006015803368871133,162,NA,151
4838443,5,wrasse,se_of_nz,110,0.15636363636363634,0.012995255012796865,0.006015803368871133,162,NA,151
4849246,46,bli_marine_v2017,se_of_nz,88,0.19318181818181818,0.08005756188095473,0.03565044226970845,162,NA,2e3
4849246,19,chondrichthyes,se_of_nz,88,0.19318181818181818,0.08005756188095473,0.03565044226970845,162,NA,2e3
4849246,1,hagfish,se_of_nz,88,0.19318181818181818,0.08005756188095473,0.03565044226970845,162,NA,2e3
4849246,4,lobsters,se_of_nz,88,0.19318181818181818,0.08005756188095473,0.03565044226970845,162,NA,2e3
4849246,12,marine_mammals,se_of_nz,88,0.19318181818181818,0.08005756188095473,0.03565044226970845,162,NA,2e3
4849246,1,reptiles,se_of_nz,88,0.19318181818181818,0.08005756188095473,0.03565044226970845,162,NA,2e3
4849246,5,tunas_billfishes,se_of_nz,88,0.19318181818181818,0.08005756188095473,0.03565044226970845,162,NA,2e3
4892449,44,bli_marine_v2017,se_of_nz,68,0.2235294117647059,0.3524143283151621,0.13728220859161466,162,NA,5e3
4892449,6,chondrichthyes,se_of_nz,68,0.2235294117647059,0.3524143283151621,0.13728220859161466,162,NA,5e3
4892449,12,marine_mammals,se_of_nz,68,0.2235294117647059,0.3524143283151621,0.13728220859161466,162,NA,5e3
4892449,1,reptiles,se_of_nz,68,0.2235294117647059,0.3524143283151621,0.13728220859161466,162,NA,5e3
4892449,5,tunas_billfishes,se_of_nz,68,0.2235294117647059,0.3524143283151621,0.13728220859161466,162,NA,5e3
5098711,14,bli_marine_v2017,tierra_del_fuego,15,0.08,0.7438024980856283,0.22990210169995917,172,14,0
5098711,1,marine_mammals,tierra_del_fuego,15,0.08,0.7438024980856283,0.22990210169995917,172,14,0
5098712,42,bli_marine_v2017,tierra_del_fuego,76,0.13421052631578947,0.03428513788141341,0.008065510193325192,172,14,1
5098712,15,chondrichthyes,tierra_del_fuego,76,0.13421052631578947,0.03428513788141341,0.008065510193325192,172,14,1
5098712,1,combtoothblennies,tierra_del_fuego,76,0.13421052631578947,0.03428513788141341,0.008065510193325192,172,14,1
5098712,1,hagfish,tierra_del_fuego,76,0.13421052631578947,0.03428513788141341,0.008065510193325192,172,14,1
5098712,1,lobsters,tierra_del_fuego,76,0.13421052631578947,0.03428513788141341,0.008065510193325192,172,14,1
5098712,15,marine_mammals,tierra_del_fuego,76,0.13421052631578947,0.03428513788141341,0.008065510193325192,172,14,1
5098712,1,pufferfish,tierra_del_fuego,76,0.13421052631578947,0.03428513788141341,0.008065510193325192,172,14,1
4577279,36,bli_marine_v2017,tristan_da_cunha,67,0.20597014925373136,4.8262404790943306e-4,6.88859623990744e-4,88,NA,167
4577279,8,chondrichthyes,tristan_da_cunha,67,0.20597014925373136,4.8262404790943306e-4,6.88859623990744e-4,88,NA,167
4577279,2,lobsters,tristan_da_cunha,67,0.20597014925373136,4.8262404790943306e-4,6.88859623990744e-4,88,NA,167
4577279,12,marine_mammals,tristan_da_cunha,67,0.20597014925373136,4.8262404790943306e-4,6.88859623990744e-4,88,NA,167
4577279,3,reptiles,tristan_da_cunha,67,0.20597014925373136,4.8262404790943306e-4,6.88859623990744e-4,88,NA,167
4577279,5,tunas_billfishes,tristan_da_cunha,67,0.20597014925373136,4.8262404790943306e-4,6.88859623990744e-4,88,NA,167
4577279,1,wrasse,tristan_da_cunha,67,0.20597014925373136,4.8262404790943306e-4,6.88859623990744e-4,88,NA,167
4584479,36,bli_marine_v2017,tristan_da_cunha,65,0.2123076923076923,0.2872663284473634,0.09070367141726784,88,NA,3e3
4584479,8,chondrichthyes,tristan_da_cunha,65,0.2123076923076923,0.2872663284473634,0.09070367141726784,88,NA,3e3
4584479,1,lobsters,tristan_da_cunha,65,0.2123076923076923,0.2872663284473634,0.09070367141726784,88,NA,3e3
4584479,12,marine_mammals,tristan_da_cunha,65,0.2123076923076923,0.2872663284473634,0.09070367141726784,88,NA,3e3
4584479,3,reptiles,tristan_da_cunha,65,0.2123076923076923,0.2872663284473634,0.09070367141726784,88,NA,3e3
4584479,5,tunas_billfishes,tristan_da_cunha,65,0.2123076923076923,0.2872663284473634,0.09070367141726784,88,NA,3e3
4616886,35,bli_marine_v2017,tristan_da_cunha,60,0.22,0.341753966965965,0.09491725525197078,88,NA,4e3
4616886,6,chondrichthyes,tristan_da_cunha,60,0.22,0.341753966965965,0.09491725525197078,88,NA,4e3
4616886,12,marine_mammals,tristan_da_cunha,60,0.22,0.341753966965965,0.09491725525197078,88,NA,4e3
4616886,3,reptiles,tristan_da_cunha,60,0.22,0.341753966965965,0.09491725525197078,88,NA,4e3
4616886,4,tunas_billfishes,tristan_da_cunha,60,0.22,0.341753966965965,0.09491725525197078,88,NA,4e3
2200221,22,bli_marine_v2017,vizcaino_bay,77,0.18441558441558442,0.03819479583672695,0.03792354202811554,135,3,4e3
2200221,17,chondrichthyes,vizcaino_bay,77,0.18441558441558442,0.03819479583672695,0.03792354202811554,135,3,4e3
2200221,1,hagfish,vizcaino_bay,77,0.18441558441558442,0.03819479583672695,0.03792354202811554,135,3,4e3
2200221,17,marine_mammals,vizcaino_bay,77,0.18441558441558442,0.03819479583672695,0.03792354202811554,135,3,4e3
2200221,1,pufferfish,vizcaino_bay,77,0.18441558441558442,0.03819479583672695,0.03792354202811554,135,3,4e3
2200221,4,reptiles,vizcaino_bay,77,0.18441558441558442,0.03819479583672695,0.03792354202811554,135,3,4e3
2200221,15,tunas_billfishes,vizcaino_bay,77,0.18441558441558442,0.03819479583672695,0.03792354202811554,135,3,4e3
2200230,26,bli_marine_v2017,vizcaino_bay,77,0.2,0.3306888244464251,0.06976962581428665,135,3,4e3
2200230,14,chondrichthyes,vizcaino_bay,77,0.2,0.3306888244464251,0.06976962581428665,135,3,4e3
2200230,17,marine_mammals,vizcaino_bay,77,0.2,0.3306888244464251,0.06976962581428665,135,3,4e3
2200230,1,pufferfish,vizcaino_bay,77,0.2,0.3306888244464251,0.06976962581428665,135,3,4e3
2200230,4,reptiles,vizcaino_bay,77,0.2,0.3306888244464251,0.06976962581428665,135,3,4e3
2200230,15,tunas_billfishes,vizcaino_bay,77,0.2,0.3306888244464251,0.06976962581428665,135,3,4e3
2203835,26,bli_marine_v2017,vizcaino_bay,77,0.21038961038961038,0.5852314632004036,0.12145531140420662,135,3,4e3
2203835,14,chondrichthyes,vizcaino_bay,77,0.21038961038961038,0.5852314632004036,0.12145531140420662,135,3,4e3
2203835,17,marine_mammals,vizcaino_bay,77,0.21038961038961038,0.5852314632004036,0.12145531140420662,135,3,4e3
2203835,1,pufferfish,vizcaino_bay,77,0.21038961038961038,0.5852314632004036,0.12145531140420662,135,3,4e3
2203835,4,reptiles,vizcaino_bay,77,0.21038961038961038,0.5852314632004036,0.12145531140420662,135,3,4e3
2203835,15,tunas_billfishes,vizcaino_bay,77,0.21038961038961038,0.5852314632004036,0.12145531140420662,135,3,4e3
2211043,25,bli_marine_v2017,vizcaino_bay,102,0.19215686274509805,0.3602715142409651,0.1470516655423898,135,3,2e3
2211043,35,chondrichthyes,vizcaino_bay,102,0.19215686274509805,0.3602715142409651,0.1470516655423898,135,3,2e3
2211043,2,hagfish,vizcaino_bay,102,0.19215686274509805,0.3602715142409651,0.1470516655423898,135,3,2e3
2211043,18,marine_mammals,vizcaino_bay,102,0.19215686274509805,0.3602715142409651,0.1470516655423898,135,3,2e3
2211043,1,pufferfish,vizcaino_bay,102,0.19215686274509805,0.3602715142409651,0.1470516655423898,135,3,2e3
2211043,5,reptiles,vizcaino_bay,102,0.19215686274509805,0.3602715142409651,0.1470516655423898,135,3,2e3
2211043,16,tunas_billfishes,vizcaino_bay,102,0.19215686274509805,0.3602715142409651,0.1470516655423898,135,3,2e3
2221857,3,angelfish,vizcaino_bay,194,0.10927835051546393,0.05201151338954057,0.01920087037578998,135,3,51
2221857,41,bli_marine_v2017,vizcaino_bay,194,0.10927835051546393,0.05201151338954057,0.01920087037578998,135,3,51
2221857,1,bonefish_tarpons,vizcaino_bay,194,0.10927835051546393,0.05201151338954057,0.01920087037578998,135,3,51
2221857,2,butterflyfish,vizcaino_bay,194,0.10927835051546393,0.05201151338954057,0.01920087037578998,135,3,51
2221857,47,chondrichthyes,vizcaino_bay,194,0.10927835051546393,0.05201151338954057,0.01920087037578998,135,3,51
2221857,23,combtoothblennies,vizcaino_bay,194,0.10927835051546393,0.05201151338954057,0.01920087037578998,135,3,51
2221857,4,conus,vizcaino_bay,194,0.10927835051546393,0.05201151338954057,0.01920087037578998,135,3,51
2221857,8,damselfish,vizcaino_bay,194,0.10927835051546393,0.05201151338954057,0.01920087037578998,135,3,51
2221857,6,groupers,vizcaino_bay,194,0.10927835051546393,0.05201151338954057,0.01920087037578998,135,3,51
2221857,1,lobsters,vizcaino_bay,194,0.10927835051546393,0.05201151338954057,0.01920087037578998,135,3,51
2221857,19,marine_mammals,vizcaino_bay,194,0.10927835051546393,0.05201151338954057,0.01920087037578998,135,3,51
2221857,5,pufferfish,vizcaino_bay,194,0.10927835051546393,0.05201151338954057,0.01920087037578998,135,3,51
2221857,5,reptiles,vizcaino_bay,194,0.10927835051546393,0.05201151338954057,0.01920087037578998,135,3,51
2221857,1,seabreams_porgies,vizcaino_bay,194,0.10927835051546393,0.05201151338954057,0.01920087037578998,135,3,51
2221857,5,seacucumbers,vizcaino_bay,194,0.10927835051546393,0.05201151338954057,0.01920087037578998,135,3,51
2221857,3,seagrasses,vizcaino_bay,194,0.10927835051546393,0.05201151338954057,0.01920087037578998,135,3,51
2221857,16,tunas_billfishes,vizcaino_bay,194,0.10927835051546393,0.05201151338954057,0.01920087037578998,135,3,51
2221857,4,wrasse,vizcaino_bay,194,0.10927835051546393,0.05201151338954057,0.01920087037578998,135,3,51
3944241,8,angelfish,w_madagascar,725,0.0816551724137931,0.06283682434924942,0.02126087055274145,42,30,23
3944241,16,bli_marine_v2017,w_madagascar,725,0.0816551724137931,0.06283682434924942,0.02126087055274145,42,30,23
3944241,1,bonefish_tarpons,w_madagascar,725,0.0816551724137931,0.06283682434924942,0.02126087055274145,42,30,23
3944241,22,butterflyfish,w_madagascar,725,0.0816551724137931,0.06283682434924942,0.02126087055274145,42,30,23
3944241,35,chondrichthyes,w_madagascar,725,0.0816551724137931,0.06283682434924942,0.02126087055274145,42,30,23
3944241,38,combtoothblennies,w_madagascar,725,0.0816551724137931,0.06283682434924942,0.02126087055274145,42,30,23
3944241,80,conus,w_madagascar,725,0.0816551724137931,0.06283682434924942,0.02126087055274145,42,30,23
3944241,98,corals_part_1,w_madagascar,725,0.0816551724137931,0.06283682434924942,0.02126087055274145,42,30,23
3944241,170,corals_part_2,w_madagascar,725,0.0816551724137931,0.06283682434924942,0.02126087055274145,42,30,23
3944241,6,corals_part_3,w_madagascar,725,0.0816551724137931,0.06283682434924942,0.02126087055274145,42,30,23
3944241,11,damselfish,w_madagascar,725,0.0816551724137931,0.06283682434924942,0.02126087055274145,42,30,23
3944241,31,groupers,w_madagascar,725,0.0816551724137931,0.06283682434924942,0.02126087055274145,42,30,23
3944241,8,lobsters,w_madagascar,725,0.0816551724137931,0.06283682434924942,0.02126087055274145,42,30,23
3944241,9,mangroves,w_madagascar,725,0.0816551724137931,0.06283682434924942,0.02126087055274145,42,30,23
3944241,15,marine_mammals,w_madagascar,725,0.0816551724137931,0.06283682434924942,0.02126087055274145,42,30,23
3944241,17,pufferfish,w_madagascar,725,0.0816551724137931,0.06283682434924942,0.02126087055274145,42,30,23
3944241,5,reptiles,w_madagascar,725,0.0816551724137931,0.06283682434924942,0.02126087055274145,42,30,23
3944241,7,seabreams_porgies,w_madagascar,725,0.0816551724137931,0.06283682434924942,0.02126087055274145,42,30,23
3944241,28,seacucumbers,w_madagascar,725,0.0816551724137931,0.06283682434924942,0.02126087055274145,42,30,23
3944241,9,seagrasses,w_madagascar,725,0.0816551724137931,0.06283682434924942,0.02126087055274145,42,30,23
3944241,25,surgeonfish_tangs_unicornfish,w_madagascar,725,0.0816551724137931,0.06283682434924942,0.02126087055274145,42,30,23
3944241,13,tunas_billfishes,w_madagascar,725,0.0816551724137931,0.06283682434924942,0.02126087055274145,42,30,23
3944241,73,wrasse,w_madagascar,725,0.0816551724137931,0.06283682434924942,0.02126087055274145,42,30,23
3965838,12,bli_marine_v2017,w_madagascar,85,0.18823529411764706,0.16072662858837866,0.05041283421401398,42,30,1e3
3965838,1,bonefish_tarpons,w_madagascar,85,0.18823529411764706,0.16072662858837866,0.05041283421401398,42,30,1e3
3965838,26,chondrichthyes,w_madagascar,85,0.18823529411764706,0.16072662858837866,0.05041283421401398,42,30,1e3
3965838,6,groupers,w_madagascar,85,0.18823529411764706,0.16072662858837866,0.05041283421401398,42,30,1e3
3965838,2,lobsters,w_madagascar,85,0.18823529411764706,0.16072662858837866,0.05041283421401398,42,30,1e3
3965838,15,marine_mammals,w_madagascar,85,0.18823529411764706,0.16072662858837866,0.05041283421401398,42,30,1e3
3965838,2,pufferfish,w_madagascar,85,0.18823529411764706,0.16072662858837866,0.05041283421401398,42,30,1e3
3965838,5,reptiles,w_madagascar,85,0.18823529411764706,0.16072662858837866,0.05041283421401398,42,30,1e3
3965838,2,seacucumbers,w_madagascar,85,0.18823529411764706,0.16072662858837866,0.05041283421401398,42,30,1e3
3965838,14,tunas_billfishes,w_madagascar,85,0.18823529411764706,0.16072662858837866,0.05041283421401398,42,30,1e3
3969436,12,bli_marine_v2017,w_madagascar,85,0.19294117647058825,0.3970585686989181,0.05212096736822769,42,30,2e3
3969436,1,bonefish_tarpons,w_madagascar,85,0.19294117647058825,0.3970585686989181,0.05212096736822769,42,30,2e3
3969436,27,chondrichthyes,w_madagascar,85,0.19294117647058825,0.3970585686989181,0.05212096736822769,42,30,2e3
3969436,6,groupers,w_madagascar,85,0.19294117647058825,0.3970585686989181,0.05212096736822769,42,30,2e3
3969436,2,lobsters,w_madagascar,85,0.19294117647058825,0.3970585686989181,0.05212096736822769,42,30,2e3
3969436,15,marine_mammals,w_madagascar,85,0.19294117647058825,0.3970585686989181,0.05212096736822769,42,30,2e3
3969436,2,pufferfish,w_madagascar,85,0.19294117647058825,0.3970585686989181,0.05212096736822769,42,30,2e3
3969436,4,reptiles,w_madagascar,85,0.19294117647058825,0.3970585686989181,0.05212096736822769,42,30,2e3
3969436,2,seacucumbers,w_madagascar,85,0.19294117647058825,0.3970585686989181,0.05212096736822769,42,30,2e3
3969436,14,tunas_billfishes,w_madagascar,85,0.19294117647058825,0.3970585686989181,0.05212096736822769,42,30,2e3
4045004,16,bli_marine_v2017,w_madagascar,18,0.08888888888888889,0.4547282916576158,0.17726397469028177,35,30,0
4045004,2,reptiles,w_madagascar,18,0.08888888888888889,0.4547282916576158,0.17726397469028177,35,30,0
4048604,7,angelfish,w_madagascar,568,0.08556338028169014,0.0821595288824183,0.02690558477897394,35,30,106
4048604,18,bli_marine_v2017,w_madagascar,568,0.08556338028169014,0.0821595288824183,0.02690558477897394,35,30,106
4048604,22,butterflyfish,w_madagascar,568,0.08556338028169014,0.0821595288824183,0.02690558477897394,35,30,106
4048604,23,chondrichthyes,w_madagascar,568,0.08556338028169014,0.0821595288824183,0.02690558477897394,35,30,106
4048604,11,combtoothblennies,w_madagascar,568,0.08556338028169014,0.0821595288824183,0.02690558477897394,35,30,106
4048604,70,conus,w_madagascar,568,0.08556338028169014,0.0821595288824183,0.02690558477897394,35,30,106
4048604,80,corals_part_1,w_madagascar,568,0.08556338028169014,0.0821595288824183,0.02690558477897394,35,30,106
4048604,152,corals_part_2,w_madagascar,568,0.08556338028169014,0.0821595288824183,0.02690558477897394,35,30,106
4048604,3,corals_part_3,w_madagascar,568,0.08556338028169014,0.0821595288824183,0.02690558477897394,35,30,106
4048604,9,damselfish,w_madagascar,568,0.08556338028169014,0.0821595288824183,0.02690558477897394,35,30,106
4048604,18,groupers,w_madagascar,568,0.08556338028169014,0.0821595288824183,0.02690558477897394,35,30,106
4048604,4,lobsters,w_madagascar,568,0.08556338028169014,0.0821595288824183,0.02690558477897394,35,30,106
4048604,15,marine_mammals,w_madagascar,568,0.08556338028169014,0.0821595288824183,0.02690558477897394,35,30,106
4048604,14,pufferfish,w_madagascar,568,0.08556338028169014,0.0821595288824183,0.02690558477897394,35,30,106
4048604,5,reptiles,w_madagascar,568,0.08556338028169014,0.0821595288824183,0.02690558477897394,35,30,106
4048604,5,seabreams_porgies,w_madagascar,568,0.08556338028169014,0.0821595288824183,0.02690558477897394,35,30,106
4048604,8,seacucumbers,w_madagascar,568,0.08556338028169014,0.0821595288824183,0.02690558477897394,35,30,106
4048604,4,seagrasses,w_madagascar,568,0.08556338028169014,0.0821595288824183,0.02690558477897394,35,30,106
4048604,25,surgeonfish_tangs_unicornfish,w_madagascar,568,0.08556338028169014,0.0821595288824183,0.02690558477897394,35,30,106
4048604,14,tunas_billfishes,w_madagascar,568,0.08556338028169014,0.0821595288824183,0.02690558477897394,35,30,106
4048604,61,wrasse,w_madagascar,568,0.08556338028169014,0.0821595288824183,0.02690558477897394,35,30,106
